x1,x2,y
1.3999999999999595,22.0,-43.66316252215523
-6.000000000000014,9.0,-35.48947026404343
1.1999999999999602,1.5,14.27443751192792
6.79999999999994,48.5,-97.06934925965814
4.399999999999949,37.5,-84.6897093950849
-4.600000000000019,12.5,-44.89257682565738
2.399999999999956,34.5,-85.57277011055464
-7.20000000000001,20.0,-90.09197141554854
0.9999999999999609,37.0,-89.72279903129284
-1.6000000000000298,4.5,-4.759458591455376
-7.6000000000000085,22.0,-91.30501344604323
1.799999999999958,29.5,-60.653391257002184
4.399999999999949,45.5,-103.26564660754504
0.7999999999999616,25.5,-54.86013045555637
1.9999999999999574,21.0,-38.47639303062748
-1.000000000000032,23.0,-62.26188107432405
3.5999999999999517,49.5,-111.12822182256149
-3.4000000000000234,43.5,-135.6761972905082
1.799999999999958,43.0,-103.83661251888653
-9.600000000000001,34.5,-137.83662218720465
-3.552713678800501e-14,13.0,-24.283596382754425
-2.6000000000000263,48.5,-152.30489533755846
8.799999999999933,0.5,61.73770806550388
-4.200000000000021,19.5,-70.66429432425485
-0.20000000000003482,10.5,-19.869729179551094
-8.800000000000004,19.0,-90.79497070923706
-0.4000000000000341,27.0,-75.22848417581895
-2.8000000000000256,46.5,-151.74969431005456
3.199999999999953,25.5,-48.511860927189296
6.399999999999942,26.5,-42.63975269645691
3.199999999999953,23.5,-46.978959524634696
1.9999999999999574,45.5,-114.67308531302028
-8.800000000000004,3.0,-46.185425091970416
-2.2000000000000277,35.0,-109.80752373819116
8.999999999999932,30.0,-34.7318927440118
-0.8000000000000327,32.5,-86.75811228558987
-6.600000000000012,4.0,-35.294739418315956
7.5999999999999375,14.5,4.410502022290756
-5.000000000000018,12.5,-53.4551147761371
1.799999999999958,39.5,-98.22990012821406
-4.40000000000002,0.5,-17.724388381754586
-1.2000000000000313,23.0,-66.08897419842991
2.1999999999999567,37.5,-90.04077573982312
-8.200000000000006,43.0,-165.96817843393967
0.39999999999996305,2.0,6.7102773433532805
4.1999999999999496,16.5,-21.50782900273104
-6.600000000000012,28.0,-103.8583542669838
0.5999999999999623,36.0,-88.33089566117252
-0.6000000000000334,0.0,9.872840240501175
-8.800000000000004,27.5,-110.99457038846099
6.399999999999942,32.5,-49.87088070457749
8.999999999999932,12.0,26.351982500899023
8.799999999999933,22.0,-6.811464673582865
2.5999999999999552,31.5,-63.27074108913981
5.999999999999943,23.5,-34.354605244700345
6.79999999999994,10.0,19.750094712868844
-5.200000000000017,11.5,-43.65326479389832
-0.8000000000000327,46.5,-125.66039033367798
4.999999999999947,28.0,-42.46880998831941
-4.600000000000019,42.0,-135.79965636400996
0.5999999999999623,43.0,-126.39934917420106
2.1999999999999567,38.0,-90.42273884568141
7.199999999999939,34.0,-55.812992343241824
-7.20000000000001,23.5,-93.32462438970288
-2.8000000000000256,21.5,-62.44825389596169
0.7999999999999616,41.5,-104.80192067714744
-3.552713678800501e-14,6.0,-4.735506625700565
4.399999999999949,21.5,-35.23368058038429
-1.2000000000000313,8.5,-11.1782845378815
6.99999999999994,36.0,-67.62575307960822
-4.200000000000021,11.5,-38.0778218366905
-4.200000000000021,4.5,-15.445315121806331
-3.000000000000025,4.5,-13.006683641155645
-3.000000000000025,30.0,-101.22758163015921
-10.0,10.0,-71.8711590630481
-7.000000000000011,2.0,-26.414251194499577
1.5999999999999588,43.0,-113.30621381560805
-7.000000000000011,19.0,-81.14761747649108
-5.400000000000016,29.0,-105.45802072639476
2.7999999999999545,36.5,-76.98243100515688
-3.000000000000025,2.0,-10.973219132833034
0.19999999999996376,30.5,-80.93548796269859
-0.20000000000003482,44.5,-128.18151272483104
4.999999999999947,12.5,-3.353034082394873
3.5999999999999517,19.0,-31.9552605443059
-1.000000000000032,19.5,-53.87062520103957
3.799999999999951,18.5,-20.126433999478024
-0.8000000000000327,47.0,-129.17487372567592
5.599999999999945,40.5,-84.21029919429483
-8.600000000000005,2.0,-35.4678999145401
6.99999999999994,26.5,-35.14109209724553
-8.000000000000007,6.5,-52.42884446436479
-4.600000000000019,41.0,-130.18933116992307
4.999999999999947,6.0,22.2798836934524
-4.000000000000021,48.5,-149.19728104323067
-0.4000000000000341,10.5,-18.580114071410385
7.199999999999939,15.5,0.05671711905954524
-0.8000000000000327,43.0,-125.15442078143197
-6.000000000000014,25.5,-91.98755110232614
-1.2000000000000313,28.5,-73.95795436311468
-7.6000000000000085,46.0,-160.13225327635604
-2.2000000000000277,6.5,-21.48523634449335
2.7999999999999545,38.0,-90.67696594479649
2.5999999999999552,23.0,-45.710931312107256
-7.6000000000000085,34.0,-128.42296299365364
-8.600000000000005,8.5,-60.82533039980651
5.599999999999945,48.5,-106.37518160218356
-5.400000000000016,1.5,-24.264839775681125
7.999999999999936,38.0,-59.290800868896156
2.1999999999999567,17.5,-33.76323675427568
-6.2000000000000135,16.0,-73.33583283670788
-5.200000000000017,12.5,-48.807358417988674
9.399999999999931,27.5,-19.371019232361796
0.5999999999999623,23.0,-57.91246155277869
3.199999999999953,39.0,-83.9218184562974
0.7999999999999616,17.0,-35.14299989126311
9.79999999999993,38.5,-61.58723187594779
-6.800000000000011,12.5,-61.25538714127064
7.999999999999936,19.0,-11.577292507601992
4.799999999999947,37.0,-72.5961987475572
2.1999999999999567,47.5,-118.1547623451317
-9.8,47.5,-186.38956395993623
3.9999999999999503,24.5,-37.6702133673456
-2.400000000000027,43.0,-138.85732913795698
-8.600000000000005,0.0,-33.34186583116769
-1.4000000000000306,18.0,-45.23240294919371
4.1999999999999496,25.0,-31.438618678495153
-1.8000000000000291,15.5,-53.21515297130199
2.1999999999999567,3.5,16.183035088370072
1.1999999999999602,28.0,-61.390627242448254
5.399999999999945,27.0,-49.25510279432761
-5.200000000000017,37.5,-128.4755708733607
-7.6000000000000085,24.5,-103.69909758629674
3.3999999999999524,41.5,-92.99874664318952
-5.600000000000016,12.0,-49.316939856031695
-3.800000000000022,5.0,-19.40825015542001
6.79999999999994,12.5,9.803526328113284
1.9999999999999574,3.5,3.7805826597444305
-7.800000000000008,18.5,-70.81110496576204
8.199999999999935,21.0,-9.569745786630211
-7.6000000000000085,31.5,-110.71450643357896
-2.400000000000027,23.5,-68.87157109651461
-7.400000000000009,42.5,-151.51659729581542
9.59999999999993,37.5,-51.295284448778766
4.599999999999948,24.5,-34.434458703899445
0.5999999999999623,13.5,-23.370300298061128
-1.000000000000032,39.0,-107.03720469698278
4.1999999999999496,10.5,4.394480143534971
9.399999999999931,16.0,1.7432698142171823
1.9999999999999574,46.0,-120.14909937989574
-6.2000000000000135,33.0,-126.76120027268499
-8.000000000000007,36.0,-134.18591212993078
-3.6000000000000227,14.5,-50.93343746059083
0.7999999999999616,6.5,-4.229043161793793
-6.000000000000014,2.0,-23.52956237581188
5.999999999999943,11.0,11.996033991557617
-7.400000000000009,8.5,-43.927119547921535
6.599999999999941,43.0,-75.8447288195151
-6.000000000000014,27.5,-102.4885736028027
-0.6000000000000334,33.0,-89.59268033201229
-4.40000000000002,49.0,-155.20993672896444
2.5999999999999552,13.5,-14.340327873951356
9.199999999999932,42.5,-74.03671448050827
8.199999999999935,28.5,-29.071248459517044
-8.000000000000007,25.5,-107.03025758900661
6.399999999999942,38.0,-74.88232168810772
-3.4000000000000234,43.0,-134.44091786190523
-9.8,37.5,-144.7459552925741
-4.000000000000021,13.0,-33.55602043146295
-9.400000000000002,18.0,-87.55886504694189
6.599999999999941,15.5,0.18631320680200392
-6.2000000000000135,3.0,-25.630835598566826
3.3999999999999524,27.0,-59.40557719405789
6.79999999999994,16.5,4.300053090798529
1.3999999999999595,5.5,-2.4864498771763284
7.799999999999937,15.5,6.439468377098396
0.5999999999999623,22.0,-52.717049874666564
2.7999999999999545,25.5,-54.275731702801
6.399999999999942,25.5,-33.19957741355752
0.19999999999996376,12.0,-15.788260993313727
4.799999999999947,32.0,-61.76748648415049
-7.20000000000001,16.0,-76.721573675356
-0.4000000000000341,18.0,-48.1335975635063
-6.000000000000014,6.5,-37.16740033672527
-3.000000000000025,17.0,-59.06090800749657
1.1999999999999602,10.5,-18.884616324565595
9.199999999999932,1.0,46.28778060199517
-9.400000000000002,8.5,-53.621765733711754
0.5999999999999623,3.5,4.667724588915944
-4.40000000000002,24.0,-74.07232067107789
-4.600000000000019,30.5,-104.78949330643792
-0.20000000000003482,39.5,-104.06759606502405
1.1999999999999602,0.5,24.548804343064823
1.1999999999999602,0.0,15.362960010841938
-8.400000000000006,26.5,-111.83444550665274
5.399999999999945,15.0,-6.692741826281083
-6.800000000000011,4.0,-25.475901892060083
-8.600000000000005,26.5,-107.62072359195737
-10.0,46.5,-175.04633489961137
-7.800000000000008,23.5,-91.95457031319333
7.399999999999938,26.0,-35.343416770684094
-5.800000000000015,36.0,-132.1374557412424
-4.200000000000021,0.0,0.2500454664719811
7.399999999999938,25.5,-25.668551274973282
-3.6000000000000227,17.0,-56.81175656508465
9.199999999999932,42.0,-70.84601767383181
7.5999999999999375,34.5,-63.504181997038515
0.5999999999999623,39.0,-106.50013212050256
-9.8,49.5,-187.55866867486804
4.399999999999949,19.5,-28.223706494494937
-2.0000000000000284,31.5,-93.86564349174125
-4.000000000000021,43.5,-134.6327621889703
4.599999999999948,13.5,-2.248087784992488
-8.600000000000005,48.0,-174.60578128521632
5.599999999999945,27.0,-41.6112328966855
3.9999999999999503,49.0,-115.2737487545738
-9.600000000000001,18.0,-93.15591558060632
-1.2000000000000313,41.0,-122.86355035942279
2.1999999999999567,8.0,-1.5957659141933007
6.1999999999999424,38.5,-61.23399231737143
9.79999999999993,0.0,59.105202851792335
7.5999999999999375,36.0,-55.7798936011268
1.5999999999999588,29.0,-63.99230825593052
9.399999999999931,31.5,-32.89271620357816
-7.6000000000000085,4.5,-34.8691568313878
1.5999999999999588,19.5,-41.64520980658989
-5.400000000000016,4.5,-32.80638301859993
5.199999999999946,36.5,-69.99803256540729
-1.8000000000000291,45.0,-132.44585171253564
0.39999999999996305,14.0,-38.85079222688279
7.5999999999999375,19.5,-12.03155360595817
1.9999999999999574,28.0,-59.93249217252426
-9.000000000000004,8.0,-57.481541967955415
-3.200000000000024,44.0,-135.04011728721207
4.399999999999949,37.0,-80.54656094096687
-7.6000000000000085,38.0,-146.85845749256032
0.19999999999996376,2.0,-1.4245638588018874
-3.000000000000025,42.5,-127.93850622562118
-3.800000000000022,37.5,-122.29403880201244
0.19999999999996376,18.5,-39.1802011605496
-6.800000000000011,26.5,-101.1105653954541
2.1999999999999567,6.5,6.8985210288570995
5.599999999999945,8.0,16.027104664791562
-10.0,43.0,-160.27510503719964
-6.800000000000011,48.0,-174.389719477099
1.1999999999999602,30.0,-68.45238535365228
2.1999999999999567,45.0,-112.46235341840213
-9.000000000000004,3.0,-46.387860273909915
-0.6000000000000334,7.5,-14.94137058116792
-7.800000000000008,23.0,-85.58274594993993
-4.200000000000021,32.5,-103.46080523847094
3.799999999999951,11.5,-3.0441134899363007
8.599999999999934,35.5,-45.74802491795254
9.59999999999993,7.5,31.98181559332189
-4.8000000000000185,39.5,-136.91418431166773
6.1999999999999424,44.0,-81.54299859747262
-0.6000000000000334,19.0,-61.293836079471404
-8.000000000000007,34.0,-124.01298839362782
-9.200000000000003,24.0,-99.55712312315036
3.799999999999951,39.5,-85.21434075035447
6.599999999999941,14.5,7.102572820203842
-3.4000000000000234,23.0,-76.55168895704111
8.799999999999933,40.5,-63.36165035929238
-1.000000000000032,46.0,-133.20393170964132
-8.200000000000006,39.0,-147.22442598149513
8.999999999999932,14.5,15.16982417019725
1.5999999999999588,35.0,-77.1717770877566
-7.400000000000009,33.5,-120.35297936183755
-9.8,31.0,-124.99016135640208
5.999999999999943,6.5,31.869235605167425
-2.2000000000000277,32.5,-100.74412674811074
4.599999999999948,37.5,-83.37081527073515
2.399999999999956,29.5,-67.48902347324977
-4.600000000000019,33.5,-111.8721163415885
5.199999999999946,10.0,7.227563737584411
-2.400000000000027,29.5,-88.35358213338417
3.199999999999953,29.0,-46.83052201199753
3.9999999999999503,29.0,-56.161429219138434
3.5999999999999517,47.5,-113.65542487735644
-7.20000000000001,34.5,-128.2775629405214
9.199999999999932,27.5,-32.536265487470665
-2.2000000000000277,18.0,-53.73014214422687
4.999999999999947,45.5,-103.8386532277991
-1.4000000000000306,8.0,-16.049565652703205
-1.6000000000000298,26.5,-77.41857591390348
-4.000000000000021,13.5,-51.22496456308246
3.199999999999953,13.5,-21.38940786555067
-4.8000000000000185,46.0,-152.31986175257626
-7.000000000000011,24.0,-104.483035406229
4.799999999999947,4.5,19.2993255800853
-6.800000000000011,27.5,-98.69598522083754
-4.40000000000002,45.5,-156.1957562257266
-7.800000000000008,9.5,-55.989196259841314
3.5999999999999517,48.0,-110.0367778353418
-4.8000000000000185,8.5,-40.064244071648744
2.7999999999999545,7.0,3.7767501280892453
-5.800000000000015,35.0,-112.9511009344449
-2.400000000000027,49.0,-143.86559214358374
7.5999999999999375,32.0,-40.70515487160606
8.599999999999934,6.5,42.40857565436345
-6.000000000000014,9.5,-47.345956896238654
-5.400000000000016,42.0,-135.91115860730557
6.1999999999999424,41.0,-82.83046491572792
-5.400000000000016,0.0,-19.009755541760864
-7.20000000000001,4.5,-44.06943499824366
3.3999999999999524,35.5,-74.0497727019738
-9.400000000000002,43.0,-173.98454467776526
2.1999999999999567,31.5,-70.056980586281
-0.8000000000000327,19.0,-43.149559096137935
8.399999999999935,27.5,-22.298730336535836
-1.2000000000000313,14.0,-32.83962136710422
-5.400000000000016,15.0,-63.84924953133301
-3.000000000000025,41.0,-118.94243336820782
3.9999999999999503,2.0,24.286815171283187
-5.600000000000016,0.5,-12.434800942907748
-4.600000000000019,0.5,-13.351550512730674
9.399999999999931,4.0,46.66951602284655
-8.600000000000005,6.0,-50.883300800790074
-2.6000000000000263,30.0,-92.33363209165864
-2.8000000000000256,30.0,-95.82944441184203
-7.6000000000000085,1.0,-25.66977301404374
9.199999999999932,39.5,-57.14450349346482
-8.000000000000007,5.0,-53.08180526467939
7.999999999999936,47.0,-87.03409795176037
2.7999999999999545,19.0,-27.21335011035118
4.999999999999947,11.5,5.340612123080893
1.3999999999999595,24.5,-55.15869856840915
-2.2000000000000277,15.0,-31.428895605260514
9.199999999999932,34.0,-46.06310126338864
2.999999999999954,17.5,-38.5955843835409
-5.200000000000017,10.5,-45.21975704756987
-3.200000000000024,5.0,-17.141420488084126
1.1999999999999602,8.0,-19.305381852651898
-0.20000000000003482,37.0,-108.04530599481951
-4.40000000000002,18.0,-65.4085712994946
1.3999999999999595,21.5,-45.27148723653523
1.799999999999958,30.0,-68.85443729237744
7.799999999999937,24.5,-19.37720288577505
-1.000000000000032,30.0,-76.15355647330999
8.399999999999935,2.5,33.84954046696072
6.599999999999941,32.0,-52.68770755658423
7.5999999999999375,2.5,44.490922358412796
-8.000000000000007,5.5,-50.64402485718765
-6.800000000000011,7.0,-33.84023462756688
-7.6000000000000085,47.5,-168.3998344312279
-3.4000000000000234,38.5,-120.08008978076633
-9.400000000000002,45.5,-172.96293030162425
8.799999999999933,10.5,31.62882163457561
-2.400000000000027,6.0,-23.23535473375194
7.399999999999938,23.5,-22.403547725570178
-9.600000000000001,9.0,-74.047733374848
8.399999999999935,9.5,28.94500648285493
1.1999999999999602,27.5,-61.29122094113814
1.3999999999999595,2.0,7.002626285871232
3.9999999999999503,29.5,-54.52603046086944
-2.2000000000000277,25.5,-83.88460610801042
-3.000000000000025,15.0,-48.5233151822514
4.399999999999949,33.0,-73.79677753000315
-6.400000000000013,35.5,-121.74146664715245
-6.2000000000000135,13.0,-65.25495507285547
-7.20000000000001,29.5,-109.02023735391552
-6.600000000000012,25.5,-86.41547330278598
0.39999999999996305,21.5,-48.644364063846254
6.99999999999994,29.5,-42.34658810019418
-3.4000000000000234,30.0,-93.1403683806641
-9.000000000000004,3.5,-47.75570513993506
0.19999999999996376,29.5,-67.30235573559047
-9.8,32.0,-141.31396463101717
-10.0,27.5,-123.8999756532207
-6.800000000000011,41.0,-150.3220760807562
-8.400000000000006,12.5,-73.31454945771623
-5.800000000000015,39.5,-136.87157406700786
4.799999999999947,49.5,-110.36700033268444
-8.400000000000006,18.0,-86.20871907920679
2.5999999999999552,18.5,-26.709234009662865
6.399999999999942,2.0,39.13727638684136
-2.400000000000027,3.0,-12.605264903872133
5.399999999999945,2.0,33.53474217492768
1.3999999999999595,20.5,-49.89477632357214
9.199999999999932,47.0,-79.55955287052659
0.5999999999999623,33.5,-88.3089133511089
-5.800000000000015,2.5,-15.93603836830478
8.599999999999934,9.0,33.03348235123236
-6.400000000000013,10.5,-53.15895318661647
7.999999999999936,43.0,-75.32126692030548
-7.800000000000008,40.0,-150.20235878327077
0.7999999999999616,21.0,-49.53557542690242
-2.8000000000000256,22.5,-64.65093143260897
3.5999999999999517,43.5,-96.64504587807667
-0.6000000000000334,28.5,-80.98461910611624
-8.800000000000004,17.5,-82.5283205842118
2.5999999999999552,2.5,12.92303023614227
-9.000000000000004,16.5,-86.6921900436727
-2.0000000000000284,24.5,-67.43320888260533
8.999999999999932,2.0,49.788406148201716
-4.000000000000021,2.0,-9.181128599304916
-1.2000000000000313,17.0,-48.06564738951663
4.999999999999947,39.0,-73.61457659726368
-9.8,48.5,-190.24137758644224
4.999999999999947,23.5,-33.2016635116435
-7.400000000000009,7.0,-53.34318753199524
7.5999999999999375,23.5,-23.229202411827288
5.399999999999945,35.5,-65.32275871677533
-8.200000000000006,35.5,-134.74139338531853
7.999999999999936,24.0,-14.504133704209679
1.5999999999999588,8.0,-12.520428141833106
3.9999999999999503,37.0,-83.43529702102246
-2.2000000000000277,4.0,-9.488497029466314
-3.800000000000022,33.5,-115.71231532559227
-9.8,2.0,-38.61862319792398
-1.6000000000000298,21.0,-69.15348739620161
-1.6000000000000298,42.0,-117.12368168840052
-6.800000000000011,11.0,-42.72014210733264
-5.800000000000015,3.5,-29.973577141809383
6.99999999999994,38.0,-58.01879625257973
9.199999999999932,41.5,-62.87157463131205
1.5999999999999588,48.5,-128.40810401203592
0.7999999999999616,22.5,-48.664969588916456
-1.000000000000032,12.5,-28.59649435302205
2.399999999999956,15.0,-19.615711608117888
7.399999999999938,13.0,18.407026245907918
-8.800000000000004,39.0,-157.45774235429883
-3.552713678800501e-14,41.0,-112.98428514899119
2.399999999999956,36.0,-79.71255859598683
-1.8000000000000291,47.5,-136.0003547300111
-5.000000000000018,17.5,-67.83890720411259
-1.8000000000000291,13.5,-42.99338974357284
5.999999999999943,7.0,29.752533796644848
7.799999999999937,24.0,-20.58277463537528
4.399999999999949,36.0,-78.66356630601378
7.999999999999936,47.5,-94.48418530718617
-1.6000000000000298,49.0,-147.80213053985838
1.3999999999999595,6.0,9.378656644534683
-0.6000000000000334,36.5,-99.43453603334488
-1.2000000000000313,18.5,-45.431295896211424
-4.600000000000019,1.5,-22.8236791069056
-7.20000000000001,43.0,-149.821079623487
-10.0,4.0,-50.125328517987434
-5.400000000000016,35.5,-118.47399647507733
6.79999999999994,6.0,26.001696185142613
-3.6000000000000227,12.0,-39.241761979840426
-9.8,43.0,-156.51963822109684
-10.0,40.5,-155.8820535713424
-1.4000000000000306,33.5,-100.70501414961511
-8.800000000000004,11.5,-60.07895884990521
8.799999999999933,45.5,-73.66227203567348
1.5999999999999588,7.5,-3.966882675025691
-3.4000000000000234,12.5,-51.37109568988459
-10.0,21.0,-94.30458962560724
4.999999999999947,7.0,19.049284080337014
-3.200000000000024,10.0,-34.90144514477312
-3.6000000000000227,20.0,-72.66089581047497
-1.6000000000000298,3.5,-13.982541534528654
2.5999999999999552,41.0,-95.85469268644437
-0.6000000000000334,27.5,-67.8569484177646
-3.4000000000000234,14.0,-40.90314566843761
-6.400000000000013,8.5,-43.86547297268402
3.799999999999951,8.0,2.816053003380171
9.59999999999993,49.0,-88.90619840285623
0.7999999999999616,35.0,-83.90828658670671
2.7999999999999545,34.0,-75.36117851813982
-9.600000000000001,23.0,-108.65324263760566
8.399999999999935,39.0,-65.272160880662
-8.400000000000006,21.5,-93.23783814984067
-5.800000000000015,7.5,-33.87183878086893
-7.400000000000009,35.5,-134.97848143672962
-0.20000000000003482,46.5,-135.88472450674703
7.5999999999999375,47.0,-90.07186705739497
3.3999999999999524,33.0,-69.25604414438573
3.799999999999951,32.5,-68.76541592887324
-10.0,35.5,-145.15170023981335
2.399999999999956,10.5,-6.720499943189077
9.59999999999993,46.5,-73.35156573692531
-5.400000000000016,8.0,-36.966779337997025
7.799999999999937,7.0,27.498141542817716
-2.2000000000000277,19.0,-53.75889485440677
-1.6000000000000298,23.5,-64.66411596641223
-6.400000000000013,39.0,-131.49956662928162
4.599999999999948,14.0,-2.067051818337874
-3.200000000000024,36.0,-115.64812039224586
2.5999999999999552,11.0,-8.287077057804334
8.599999999999934,33.5,-51.254510049750536
5.399999999999945,5.5,32.0388611521752
6.399999999999942,27.5,-40.79092034104408
2.7999999999999545,1.0,23.154842148753477
-9.8,10.5,-68.26354809010647
-8.000000000000007,34.5,-130.83353674303436
-7.400000000000009,23.5,-95.27720109737456
5.199999999999946,43.5,-97.80220729129908
7.199999999999939,38.5,-70.281371804422
-3.4000000000000234,26.0,-84.66322471331134
-1.2000000000000313,5.0,-8.812836908695624
8.999999999999932,11.5,24.134353723110863
5.199999999999946,43.0,-92.0517933426332
7.199999999999939,18.0,-8.061110227918842
-6.800000000000011,34.5,-125.21889648983522
-4.000000000000021,47.5,-142.82198053074228
-4.000000000000021,22.5,-72.7968323502845
-5.800000000000015,14.5,-62.95808532471003
0.39999999999996305,40.0,-102.86868380545734
0.39999999999996305,49.5,-133.22969815504564
5.599999999999945,30.5,-51.50934647699543
1.1999999999999602,37.0,-96.37803652716813
9.399999999999931,21.5,4.766657918208903
1.1999999999999602,41.0,-100.58502490350236
0.5999999999999623,15.0,-28.77174081867277
-1.000000000000032,29.5,-80.17675133392187
6.99999999999994,49.5,-100.83523731597887
-3.6000000000000227,35.0,-112.53964197397798
4.399999999999949,43.0,-99.88551294094441
-9.600000000000001,48.5,-187.35246572477132
-6.600000000000012,47.5,-162.24448593694626
6.599999999999941,8.0,20.261849479200663
-2.8000000000000256,31.0,-96.70909467627484
5.599999999999945,46.0,-105.83110568380002
-9.600000000000001,26.5,-111.41495060899922
-2.2000000000000277,36.5,-104.5776271040806
-3.200000000000024,48.5,-144.99113018630754
-2.2000000000000277,40.0,-122.6160728941094
8.399999999999935,43.0,-76.96700282494287
-3.800000000000022,29.0,-96.275254635978
8.599999999999934,37.0,-56.97053563347016
-3.200000000000024,23.0,-64.25472588907931
7.399999999999938,21.5,-14.639063711571138
7.799999999999937,20.0,-4.767481888766451
-9.600000000000001,5.5,-49.2019222041568
6.79999999999994,8.0,18.121305370954488
-5.000000000000018,16.5,-56.61421940683154
-5.400000000000016,48.5,-156.36680946603903
-3.800000000000022,15.5,-57.13753929078561
0.9999999999999609,47.0,-127.53068195127247
-9.200000000000003,48.5,-179.13856976382772
3.5999999999999517,44.5,-106.81120444777548
1.799999999999958,3.0,12.377930171938086
-3.200000000000024,7.5,-35.0420031604371
-0.4000000000000341,43.5,-128.69251541038264
5.999999999999943,34.5,-62.421092286923276
-2.0000000000000284,1.0,-4.255538943838745
4.1999999999999496,46.5,-104.34584016791177
1.1999999999999602,11.0,-20.126280944372283
-10.0,45.0,-176.97748704245632
-8.800000000000004,24.5,-99.86875132877846
0.7999999999999616,48.0,-128.4297639558918
9.79999999999993,19.5,2.5211100196537033
-5.600000000000016,29.0,-103.03653908587371
-6.2000000000000135,37.0,-142.08920889250942
0.39999999999996305,19.5,-41.68927406368738
7.799999999999937,13.0,12.82467657712606
2.399999999999956,29.0,-53.951840197029355
4.799999999999947,39.0,-75.24555610736586
0.19999999999996376,44.5,-117.9477848946992
5.599999999999945,12.5,8.715219719984265
0.9999999999999609,41.0,-108.61768627441043
7.5999999999999375,35.0,-46.90474778800808
5.399999999999945,1.5,37.89106385190229
-1.6000000000000298,32.5,-81.37440745934252
5.599999999999945,3.5,28.15741890486363
5.799999999999944,46.0,-99.17997098619
-8.000000000000007,21.5,-96.49066723607469
-5.000000000000018,31.0,-100.19962444327481
-1.000000000000032,42.0,-116.9450732961616
4.599999999999948,12.5,-2.0130174894218533
-8.600000000000005,18.0,-92.2541755810268
6.99999999999994,36.5,-54.091141192235185
-9.200000000000003,25.5,-100.25885367864235
-4.600000000000019,28.0,-101.32988721585853
6.99999999999994,26.0,-30.705152140446746
-8.200000000000006,22.0,-92.00099815706106
-9.200000000000003,40.5,-151.6898318269824
7.999999999999936,28.0,-31.718419422084732
-2.6000000000000263,22.5,-65.73039051976559
7.999999999999936,17.0,-1.7057180333933522
-1.000000000000032,27.5,-72.70548200782862
-8.800000000000004,48.5,-171.81928055562312
-1.8000000000000291,2.0,0.13432198954279917
6.1999999999999424,4.0,22.322102366043712
-3.6000000000000227,36.5,-114.28278153809957
3.199999999999953,20.5,-46.4646469568312
-5.200000000000017,6.5,-29.01384000743856
-6.2000000000000135,20.0,-81.27511327042092
-0.4000000000000341,16.0,-37.692077176054156
3.799999999999951,28.0,-52.803865840165805
-3.552713678800501e-14,6.5,-13.329690491175612
-0.20000000000003482,30.5,-85.4656260782325
-7.800000000000008,42.0,-154.08722185370974
7.199999999999939,10.5,18.662286561655627
-0.20000000000003482,36.0,-97.72802977754333
-2.400000000000027,41.0,-120.79869463781131
1.5999999999999588,4.5,14.763928370007187
-0.6000000000000334,17.0,-47.059462805722674
-5.400000000000016,34.0,-108.38479731112078
0.39999999999996305,4.5,-4.925708462748448
-3.800000000000022,20.0,-71.85305544124202
-9.8,25.5,-119.79785365740923
-2.8000000000000256,9.5,-17.469730196789296
3.199999999999953,0.5,21.28301695671861
1.5999999999999588,39.0,-95.75564660873845
1.3999999999999595,3.5,1.780143632140799
-4.000000000000021,9.5,-29.776185185757917
-5.800000000000015,28.0,-101.66386337626892
-9.400000000000002,14.0,-81.50991513332814
-5.600000000000016,9.0,-44.78150784666048
-5.800000000000015,29.5,-103.83398966629044
-4.200000000000021,8.5,-26.81399129948999
-3.552713678800501e-14,16.0,-27.770866056844046
0.39999999999996305,7.5,-13.6051602683728
2.1999999999999567,25.0,-50.891821709290916
-2.0000000000000284,44.0,-131.8524051628255
-1.6000000000000298,29.5,-80.4272245094927
-7.6000000000000085,1.5,-35.85115545496356
-3.000000000000025,13.5,-60.60499298996749
3.199999999999953,10.5,-5.575050361126384
-0.4000000000000341,20.5,-49.28518208887054
-2.2000000000000277,27.0,-90.63715650404221
-9.200000000000003,35.0,-132.02936114838957
0.19999999999996376,44.0,-108.35946950595662
8.999999999999932,19.0,-8.643917679265625
7.799999999999937,39.5,-62.429065438170966
-8.400000000000006,47.0,-171.92935169267318
4.799999999999947,9.5,5.383449975796971
-2.400000000000027,1.0,-6.303245993697837
-8.800000000000004,8.0,-53.244736760783724
4.799999999999947,11.0,-5.6751642724994475
-1.2000000000000313,9.0,-27.55580544602447
9.199999999999932,36.5,-57.8561393834722
3.199999999999953,49.5,-125.14174982320692
2.1999999999999567,34.5,-74.06276088649055
-9.8,35.0,-149.11800728643541
-1.8000000000000291,40.0,-120.59353519151503
-4.600000000000019,36.5,-121.82586974532843
-9.200000000000003,22.0,-96.85191371553479
2.999999999999954,42.0,-96.99559556959339
0.9999999999999609,14.0,-26.50266383846867
-5.800000000000015,10.0,-51.21069481057931
6.1999999999999424,22.0,-18.71375692515648
-7.800000000000008,41.5,-151.35548558467306
-4.40000000000002,15.5,-58.99433426442489
-4.200000000000021,10.5,-43.7330811999076
-5.600000000000016,3.5,-28.26214373348821
5.599999999999945,43.5,-90.3488129944307
6.1999999999999424,19.0,-13.488733968467642
-1.8000000000000291,5.0,-6.520494223039002
8.999999999999932,33.5,-47.71413613882071
-8.400000000000006,11.0,-68.56621504063389
-10.0,9.0,-67.01143832826547
0.9999999999999609,23.0,-55.128090198939134
3.199999999999953,34.0,-74.59910985255013
2.5999999999999552,16.5,-26.81290671825144
3.799999999999951,24.0,-39.06289275834065
8.599999999999934,19.5,-1.1447150954909162
4.799999999999947,10.5,1.3051575589738293
7.399999999999938,34.0,-56.91798707980134
-5.200000000000017,40.5,-141.88869942609836
-1.4000000000000306,7.5,-24.724295485822367
-3.800000000000022,28.5,-77.99605397012895
-3.6000000000000227,33.0,-105.60265919624784
2.5999999999999552,10.5,-11.882437352264203
1.9999999999999574,41.5,-98.45004506987694
0.9999999999999609,45.5,-118.75284022295523
-4.8000000000000185,23.0,-75.96432046724064
4.599999999999948,31.0,-67.16889622190754
4.999999999999947,43.5,-98.4091240767725
6.1999999999999424,49.5,-104.4295387547606
-8.400000000000006,46.0,-167.4947518871091
-6.600000000000012,32.5,-110.75397013179334
-1.000000000000032,46.5,-134.9743477303504
8.999999999999932,24.5,-15.955069435777832
-6.000000000000014,2.5,-26.50022779525377
1.5999999999999588,38.0,-96.14106723899162
3.9999999999999503,44.0,-105.69691982286427
0.9999999999999609,22.5,-47.039712437746026
7.5999999999999375,4.0,38.98499582531973
0.9999999999999609,22.0,-41.832322520036406
2.5999999999999552,28.5,-58.5861207749879
-6.600000000000012,14.0,-62.07939111869633
-4.200000000000021,25.0,-81.35799189702794
2.7999999999999545,14.5,-16.34105774347688
-0.8000000000000327,36.5,-106.06189062967519
-0.20000000000003482,3.5,4.13822514043725
6.399999999999942,40.5,-68.49679255439587
7.399999999999938,30.0,-43.67952741583882
-5.600000000000016,41.0,-139.44143501431603
-7.20000000000001,9.5,-53.32258536312878
8.399999999999935,42.5,-77.42474326622784
-6.2000000000000135,49.5,-167.71629222141271
-8.800000000000004,30.0,-117.51681126549327
-1.4000000000000306,21.0,-61.211825088291995
-2.0000000000000284,49.5,-149.99305848010204
-2.6000000000000263,48.0,-134.93438881340504
-9.200000000000003,43.0,-161.6559163598291
-7.6000000000000085,38.5,-141.32031112559403
-3.000000000000025,40.5,-128.3043451958458
-9.400000000000002,44.5,-175.11261716472512
-0.8000000000000327,47.5,-130.47728753890576
1.1999999999999602,17.5,-32.521037879514516
3.199999999999953,43.0,-100.61227998377909
-1.000000000000032,41.0,-121.53612335094313
-6.800000000000011,45.0,-150.3449960763253
-7.6000000000000085,21.5,-88.93397552456861
2.1999999999999567,12.5,-9.015452653250145
6.399999999999942,39.5,-67.64782253969058
0.7999999999999616,36.0,-96.96932229367825
2.999999999999954,26.5,-41.23523144720901
7.799999999999937,9.0,22.793693783799934
3.9999999999999503,17.0,-27.668277547332714
3.9999999999999503,0.5,33.56414508197549
5.999999999999943,26.0,-34.08119094497564
-5.800000000000015,23.5,-79.28145131124941
8.399999999999935,7.5,30.102607797471908
-4.8000000000000185,47.0,-160.95122609263765
4.599999999999948,38.5,-78.24789543065499
2.1999999999999567,39.5,-101.32378386844772
-6.000000000000014,31.5,-107.58726514515858
3.3999999999999524,45.0,-107.30117271961932
8.599999999999934,36.5,-50.79709738134922
2.5999999999999552,6.0,9.324751632104153
-4.600000000000019,3.5,-23.490999438354546
0.9999999999999609,16.5,-23.563880391702366
-7.000000000000011,28.0,-116.12445901250005
2.5999999999999552,40.0,-91.50955287867448
-4.200000000000021,43.0,-137.40528533566697
2.399999999999956,32.0,-67.31249413350358
-6.400000000000013,37.0,-136.3433835692883
2.5999999999999552,38.0,-79.23436064461116
-6.000000000000014,6.0,-36.60267641245156
6.599999999999941,46.0,-96.96943722707829
8.999999999999932,23.5,-12.064413984393674
-4.000000000000021,18.5,-65.53579850798033
-9.600000000000001,31.0,-126.9274826209345
0.39999999999996305,35.5,-92.53460028758255
-0.4000000000000341,23.0,-64.14390940790474
8.999999999999932,34.0,-50.61814652281766
-0.20000000000003482,47.0,-131.44625019895966
8.999999999999932,21.5,-9.996261432755853
3.199999999999953,43.5,-102.1482798518158
-3.4000000000000234,22.0,-74.20712289263808
-6.800000000000011,14.0,-64.95171506652157
8.199999999999935,3.0,42.66009185143484
0.19999999999996376,13.5,-37.722773878388395
-5.600000000000016,3.0,-23.955879743281994
5.999999999999943,35.5,-63.758522330373076
-9.8,13.0,-73.67062064035878
-0.8000000000000327,45.5,-128.0877219849082
-8.800000000000004,22.0,-92.61947880759652
-2.2000000000000277,38.0,-119.04117996777124
5.599999999999945,32.0,-55.4605388989047
-9.400000000000002,7.0,-49.55408870017956
2.1999999999999567,10.5,-2.1774552757263503
1.9999999999999574,49.0,-132.29020504368322
-2.8000000000000256,47.5,-140.25378881542647
7.799999999999937,23.5,-9.420525016921626
2.5999999999999552,7.0,11.24484371484407
-7.000000000000011,48.5,-165.93599877702377
1.5999999999999588,44.5,-107.7663067717973
8.599999999999934,44.0,-69.58134854124006
-5.000000000000018,21.0,-79.92696349789544
3.5999999999999517,40.0,-93.63517990419372
-4.8000000000000185,1.0,-11.808993559517003
5.399999999999945,25.0,-39.18195169598051
-9.400000000000002,30.5,-123.73209731974181
6.99999999999994,0.5,42.01873739199903
-2.8000000000000256,28.5,-93.66192803508288
-2.6000000000000263,19.5,-59.55944344877311
-6.400000000000013,2.0,-23.089122549383834
-0.8000000000000327,26.0,-73.34491950539075
-7.800000000000008,32.0,-115.1217220663779
7.399999999999938,24.0,-19.046874047461174
0.19999999999996376,48.0,-128.66230526494672
3.3999999999999524,27.5,-46.760412786191395
5.799999999999944,22.5,-14.104541577328623
-7.20000000000001,34.0,-137.73312527408194
6.99999999999994,3.5,33.28591045063707
-2.2000000000000277,5.0,-9.251881396398801
2.5999999999999552,17.0,-24.623841531192152
8.199999999999935,23.0,-16.66795711758503
8.199999999999935,0.0,48.24569325235818
-2.400000000000027,43.5,-130.49347933410064
-8.800000000000004,38.0,-146.67787900030402
-9.600000000000001,45.5,-184.4952037100251
6.599999999999941,22.0,-21.03451209637332
3.5999999999999517,21.5,-34.3278995918506
-9.200000000000003,21.0,-89.95879871175227
4.999999999999947,13.5,-5.1163847890237015
-8.000000000000007,23.5,-109.8632250253997
-3.200000000000024,15.5,-42.78037355447387
2.7999999999999545,28.5,-62.943273075157265
-5.200000000000017,22.0,-87.76177621718777
5.799999999999944,33.0,-54.30485399892157
4.399999999999949,35.5,-67.32587749401048
7.5999999999999375,24.0,-21.22235549710628
5.599999999999945,28.5,-48.52972637566373
-6.2000000000000135,5.0,-35.928984243006276
-7.6000000000000085,41.5,-143.9039291076881
2.1999999999999567,3.0,12.720136781576235
-1.4000000000000306,18.5,-48.310426492762346
-8.800000000000004,6.5,-46.10906549786662
1.5999999999999588,31.5,-67.37880230502853
2.399999999999956,39.5,-86.70838561802096
-7.000000000000011,30.5,-112.51470171822821
0.19999999999996376,1.0,7.300522722793148
-3.4000000000000234,37.5,-115.06043832488447
-4.600000000000019,26.5,-90.57902607125905
-4.40000000000002,23.5,-82.13777708207309
5.399999999999945,37.0,-79.39496891829488
-5.800000000000015,4.5,-24.71692569201266
4.999999999999947,37.0,-70.06635947187716
-7.20000000000001,26.0,-106.34745143083373
-5.200000000000017,16.5,-63.96422078571083
-1.4000000000000306,19.0,-53.555507962328356
9.399999999999931,43.0,-73.6771352567377
-8.000000000000007,18.0,-84.69781026957192
0.9999999999999609,30.0,-67.07406399376988
2.7999999999999545,8.0,3.316938578260901
9.79999999999993,18.0,7.923666127096952
-9.400000000000002,31.5,-130.65936195842187
-4.600000000000019,4.0,-9.848030474106613
-3.200000000000024,41.5,-132.64917253037063
-8.000000000000007,11.0,-48.22215661407286
3.9999999999999503,43.5,-98.3701750455685
9.59999999999993,3.5,49.851320625633775
3.799999999999951,14.5,-16.49933069860885
-3.000000000000025,17.5,-53.80352403161857
-6.600000000000012,27.5,-103.99276271611468
-2.400000000000027,24.0,-76.57851493576602
4.1999999999999496,3.0,35.087655376428515
0.9999999999999609,17.0,-35.994439430474735
-2.2000000000000277,24.0,-68.91489327700337
3.5999999999999517,27.0,-44.02960486473897
-4.40000000000002,32.5,-108.80080964021889
7.5999999999999375,25.0,-24.69357306702768
-1.8000000000000291,9.0,-25.16968729787535
-4.000000000000021,6.5,-20.877152544597966
9.199999999999932,6.5,42.68374863512652
-2.6000000000000263,5.5,-11.97138025841495
-6.600000000000012,4.5,-30.084452139058108
-7.800000000000008,21.5,-95.02908968794657
-8.000000000000007,39.5,-142.1147519310915
7.5999999999999375,11.5,11.44450752868999
7.999999999999936,25.5,-31.51485723311528
-0.6000000000000334,8.5,-9.916232392626211
3.799999999999951,25.5,-50.41275551312584
-1.6000000000000298,20.0,-57.03833188290127
-0.20000000000003482,21.0,-54.503748007255595
-6.000000000000014,10.5,-48.611330937544345
0.39999999999996305,47.5,-131.45270448796208
-6.2000000000000135,37.5,-136.08152428780554
7.199999999999939,41.0,-67.89645648914401
-3.4000000000000234,11.5,-45.808106415227314
-10.0,5.5,-55.40129828436971
-3.6000000000000227,41.5,-124.18523161821706
-1.4000000000000306,21.5,-61.29061543182071
7.399999999999938,46.0,-83.50285570106803
-3.6000000000000227,1.0,-1.9848303812820989
1.1999999999999602,24.0,-55.565261529710966
2.399999999999956,34.0,-76.05243734277246
-7.000000000000011,5.5,-39.802206576770566
0.39999999999996305,48.5,-132.99587972459727
2.5999999999999552,25.0,-48.83021245316363
-1.4000000000000306,13.0,-36.0083300866454
-8.600000000000005,16.5,-89.54816990321024
-9.8,42.0,-168.23112119946657
-7.20000000000001,18.0,-77.90743933327192
-2.8000000000000256,39.0,-117.38007554953082
7.5999999999999375,2.0,37.805615311258926
2.5999999999999552,35.0,-81.3311672724275
-3.000000000000025,29.0,-92.76145508850283
6.1999999999999424,46.5,-97.25993010585424
2.1999999999999567,34.0,-74.85673603307545
4.1999999999999496,29.5,-53.39217057146109
1.1999999999999602,42.5,-107.86613948031187
-3.6000000000000227,43.5,-141.37313935421867
7.399999999999938,9.0,27.37754556760113
4.399999999999949,11.5,-0.7560941200897984
-7.800000000000008,21.0,-90.95869331464026
1.3999999999999595,9.5,-14.956304458242005
1.9999999999999574,20.0,-36.40374266570199
-7.6000000000000085,48.5,-167.52040359848112
-4.200000000000021,24.5,-82.26419218392968
-5.400000000000016,5.5,-31.399084211103062
4.599999999999948,28.5,-54.754660810198025
0.5999999999999623,12.5,-14.754777771830378
8.199999999999935,44.5,-74.02471733523493
-2.8000000000000256,41.0,-123.20755190398907
-8.400000000000006,5.0,-41.868494264024726
-3.6000000000000227,0.0,-3.9399287977628212
-1.4000000000000306,45.5,-126.75632866317824
-2.8000000000000256,20.5,-60.79692217282251
1.5999999999999588,28.0,-53.29180146477294
8.999999999999932,16.0,-0.9429971156077137
-2.0000000000000284,2.5,-2.162862652013013
-6.400000000000013,7.0,-44.78746116826011
-8.800000000000004,43.5,-162.00517121831078
3.799999999999951,10.0,6.017038472747908
7.5999999999999375,18.0,-7.693658798670268
-6.800000000000011,22.5,-95.73568956943343
6.79999999999994,10.5,21.94286870915954
2.5999999999999552,47.0,-119.85436576687464
4.599999999999948,5.5,25.435074954234356
6.79999999999994,26.5,-32.35955413189828
-4.200000000000021,42.0,-137.2272177731477
4.399999999999949,8.5,10.480473408489324
3.799999999999951,31.0,-60.865399601721585
-3.200000000000024,24.0,-77.12915995393004
-8.400000000000006,16.5,-78.7957809623938
-3.552713678800501e-14,32.5,-85.57100057604441
-1.6000000000000298,42.5,-121.23487738266095
-2.6000000000000263,47.0,-150.9545499551803
-10.0,35.0,-132.7452950423522
-6.600000000000012,7.5,-47.13728838671958
8.199999999999935,15.0,11.86045047602255
1.3999999999999595,23.5,-45.81274944250623
1.799999999999958,49.0,-127.31386636325134
6.1999999999999424,38.0,-76.88121983940816
5.999999999999943,12.5,7.250712293699429
-6.2000000000000135,25.0,-95.00699169793384
5.199999999999946,28.5,-51.386607267194904
-7.000000000000011,33.5,-120.38578933927809
-4.200000000000021,47.5,-151.12441578379267
-5.000000000000018,40.0,-129.48446489573215
0.7999999999999616,32.5,-83.44250917245098
-9.8,43.5,-162.06359767367033
3.3999999999999524,19.5,-31.71919318862977
5.599999999999945,42.5,-84.90623186428289
9.199999999999932,41.0,-72.11134285248954
1.9999999999999574,39.0,-92.50638975375901
-1.4000000000000306,23.5,-71.8314075099344
6.79999999999994,49.0,-102.85877588195048
0.39999999999996305,29.0,-69.20741733729365
2.7999999999999545,23.0,-45.59720574326489
-3.552713678800501e-14,4.0,0.27971036012805695
2.5999999999999552,49.0,-124.26756725535922
4.799999999999947,14.5,-9.300509387593468
-5.400000000000016,26.5,-96.43812167072359
-5.800000000000015,10.5,-45.618718022616044
6.79999999999994,30.5,-46.493457172062364
2.5999999999999552,40.5,-95.0378749666417
1.799999999999958,37.5,-92.07387557946706
-4.600000000000019,31.5,-106.56999077320845
-6.400000000000013,46.5,-154.3717913201642
9.399999999999931,16.5,11.336827960083772
-4.40000000000002,48.5,-152.2054244011456
1.3999999999999595,12.5,-20.36007585287212
5.799999999999944,18.0,-3.7521840528028108
6.1999999999999424,44.5,-83.11039815023452
-1.8000000000000291,40.5,-123.18871416484353
2.399999999999956,24.5,-46.37886282416725
0.7999999999999616,47.0,-132.56078789522505
3.799999999999951,0.5,19.797584152700182
-8.600000000000005,19.5,-84.79756770157005
4.399999999999949,49.5,-112.19966841254055
8.399999999999935,24.5,-15.861691803814686
0.5999999999999623,37.0,-96.21653945441265
4.1999999999999496,27.0,-56.807450209318226
-8.600000000000005,11.0,-69.59802419621153
-0.8000000000000327,21.5,-50.8291582169254
3.3999999999999524,7.0,3.6209160018302855
-2.400000000000027,4.5,-12.798183284706925
5.399999999999945,1.0,37.74315338422541
6.399999999999942,40.0,-82.94753435816531
-8.600000000000005,9.0,-61.27310087862706
8.399999999999935,8.0,27.590463350973103
-5.000000000000018,11.0,-50.35461784298434
6.399999999999942,45.0,-93.23325599116566
8.799999999999933,20.5,-11.371518080608913
1.799999999999958,36.0,-89.21293345995194
3.5999999999999517,2.0,24.001982859939325
2.5999999999999552,28.0,-67.69273195787139
2.1999999999999567,31.0,-70.08833738113404
-3.4000000000000234,5.0,-18.335505817014226
4.999999999999947,33.5,-65.9752644407336
8.999999999999932,40.5,-56.2846952944755
6.599999999999941,49.0,-101.74273898915457
9.79999999999993,40.5,-53.71102023711971
-1.6000000000000298,0.0,12.922711714812253
4.1999999999999496,20.0,-26.15305821429554
-9.8,44.5,-178.36919444446514
1.1999999999999602,22.0,-42.65306455175843
8.799999999999933,29.0,-26.779335140784674
8.999999999999932,33.0,-43.609678247901144
-8.600000000000005,47.5,-177.73587018399706
1.1999999999999602,32.5,-74.18477387101753
3.799999999999951,21.0,-32.353979603356684
-10.0,7.0,-62.500249863540674
-1.6000000000000298,47.0,-136.65691206130006
-2.400000000000027,0.0,-1.0838624159300752
-0.20000000000003482,17.5,-45.086448443592396
9.199999999999932,31.5,-32.788371156178
-1.8000000000000291,14.0,-45.67206562369942
-3.6000000000000227,6.0,-18.165106168867943
1.3999999999999595,8.5,-13.408334567220384
3.9999999999999503,38.0,-89.06275487892573
6.399999999999942,24.5,-30.787102094954193
9.59999999999993,2.0,57.1106472390253
-4.600000000000019,48.5,-157.27464512043144
1.1999999999999602,33.5,-85.18723077061524
4.399999999999949,0.0,37.607141815472886
-2.0000000000000284,35.5,-106.93290997910196
5.999999999999943,38.0,-69.52883884123843
-0.4000000000000341,10.0,-25.805405112240408
8.999999999999932,27.0,-32.02872769818648
