fixed acidity,volatile acidity,citric acid,residual sugar,chlorides,free sulfur dioxide,total sulfur dioxide,density,pH,sulphates,alcohol,quality
9.100,0.765,0.040,1.600,0.078,4.000,14.000,0.998,3.290,0.540,9.700,4
8.700,0.690,0.310,3.000,0.086,23.000,81.000,1.000,3.480,0.740,11.600,6
6.100,0.210,0.400,1.400,0.066,40.500,165.000,0.991,3.250,0.590,11.900,6
10.900,0.390,0.470,1.800,0.118,6.000,14.000,0.998,3.300,0.750,9.800,6
8.800,0.685,0.260,1.600,0.088,16.000,23.000,0.997,3.320,0.470,9.400,5
8.400,1.035,0.150,6.000,0.073,11.000,54.000,0.999,3.370,0.490,9.900,5
8.200,0.390,0.490,2.300,0.099,47.000,133.000,0.998,3.380,0.990,9.800,5
6.300,0.550,0.150,1.800,0.077,26.000,35.000,0.993,3.320,0.820,11.600,6
8.000,0.500,0.390,2.600,0.082,12.000,46.000,0.999,3.430,0.620,10.700,6
8.200,0.640,0.270,2.000,0.095,5.000,77.000,0.997,3.130,0.620,9.100,6
11.500,0.180,0.510,4.000,0.104,4.000,23.000,1.000,3.280,0.970,10.100,6
6.500,0.670,0.000,4.300,0.057,11.000,20.000,0.995,3.450,0.560,11.800,4
8.900,0.120,0.450,1.800,0.075,10.000,21.000,0.996,3.410,0.760,11.900,7
7.100,0.610,0.020,2.500,0.081,17.000,87.000,0.997,3.480,0.600,9.700,6
7.200,0.630,0.000,1.900,0.097,14.000,38.000,0.997,3.370,0.580,9.000,6
11.300,0.340,0.450,2.000,0.082,6.000,15.000,0.999,2.940,0.660,9.200,6
6.200,0.560,0.090,1.700,0.053,24.000,32.000,0.994,3.540,0.600,11.300,5
6.200,0.520,0.080,4.400,0.071,11.000,32.000,0.996,3.560,0.630,11.600,6
12.500,0.280,0.540,2.300,0.082,12.000,29.000,1.000,3.110,1.360,9.800,7
6.400,0.570,0.140,3.900,0.070,27.000,73.000,0.997,3.320,0.480,9.200,5
7.800,0.440,0.280,2.700,0.100,18.000,95.000,0.997,3.220,0.670,9.400,5
8.700,0.420,0.450,2.400,0.072,32.000,59.000,0.996,3.330,0.770,12.000,6
10.200,0.440,0.580,4.100,0.092,11.000,24.000,0.997,3.290,0.990,12.000,7
5.600,0.540,0.040,1.700,0.049,5.000,13.000,0.994,3.720,0.580,11.400,5
7.800,0.590,0.180,2.300,0.076,17.000,54.000,0.998,3.430,0.590,10.000,5
13.700,0.415,0.680,2.900,0.085,17.000,43.000,1.001,3.060,0.800,10.000,6
9.900,0.740,0.190,5.800,0.111,33.000,76.000,0.999,3.140,0.550,9.400,5
7.400,0.490,0.270,2.100,0.071,14.000,25.000,0.994,3.350,0.630,12.000,6
7.000,0.685,0.000,1.900,0.099,9.000,22.000,0.996,3.340,0.600,9.700,5
7.200,0.570,0.050,2.300,0.081,16.000,36.000,0.996,3.380,0.600,10.300,6
8.400,0.290,0.400,1.700,0.067,8.000,20.000,0.996,3.390,0.600,10.500,5
7.400,0.530,0.120,1.900,0.165,4.000,12.000,0.997,3.260,0.860,9.200,5
7.100,0.160,0.440,2.500,0.068,17.000,31.000,0.993,3.350,0.540,12.400,6
12.300,0.390,0.630,2.300,0.091,6.000,18.000,1.000,3.160,0.490,9.500,5
10.200,0.540,0.370,15.400,0.214,55.000,95.000,1.004,3.180,0.770,9.000,6
10.400,0.550,0.230,2.700,0.091,18.000,48.000,0.999,3.220,0.640,10.300,6
9.400,0.430,0.240,2.800,0.092,14.000,45.000,0.998,3.190,0.730,10.000,6
9.000,0.580,0.250,2.000,0.104,8.000,21.000,0.998,3.270,0.720,9.600,5
8.600,0.685,0.100,1.600,0.092,3.000,12.000,0.997,3.310,0.650,9.550,6
6.500,0.880,0.030,5.600,0.079,23.000,47.000,0.996,3.580,0.500,11.200,4
6.900,0.520,0.250,2.600,0.081,10.000,37.000,0.997,3.460,0.500,11.000,5
6.500,0.580,0.000,2.200,0.096,3.000,13.000,0.996,3.620,0.620,11.500,4
7.300,0.580,0.300,2.400,0.074,15.000,55.000,0.997,3.460,0.590,10.200,5
7.000,0.590,0.000,1.700,0.052,3.000,8.000,0.996,3.410,0.470,10.300,5
7.500,0.510,0.020,1.700,0.084,13.000,31.000,0.995,3.360,0.540,10.500,6
7.800,0.430,0.700,1.900,0.464,22.000,67.000,0.997,3.130,1.280,9.400,5
7.000,0.430,0.020,1.900,0.080,15.000,28.000,0.995,3.350,0.810,10.600,6
10.400,0.410,0.550,3.200,0.076,22.000,54.000,1.000,3.150,0.890,9.900,6
7.600,0.430,0.290,2.100,0.075,19.000,66.000,0.997,3.400,0.640,9.500,5
8.400,0.620,0.090,2.200,0.084,11.000,108.000,0.996,3.150,0.660,9.800,5
7.400,0.640,0.170,5.400,0.168,52.000,98.000,0.997,3.280,0.500,9.500,5
6.700,0.640,0.230,2.100,0.080,11.000,119.000,0.995,3.360,0.700,10.900,5
7.200,0.655,0.030,1.800,0.078,7.000,12.000,0.996,3.340,0.390,9.500,5
9.600,0.540,0.420,2.400,0.081,25.000,52.000,0.997,3.200,0.710,11.400,6
6.100,0.590,0.010,2.100,0.056,5.000,13.000,0.995,3.520,0.560,11.400,5
7.600,0.400,0.290,1.900,0.078,29.000,66.000,0.997,3.450,0.590,9.500,6
7.300,0.305,0.390,1.200,0.059,7.000,11.000,0.993,3.290,0.520,11.500,6
10.300,0.530,0.480,2.500,0.063,6.000,25.000,1.000,3.120,0.590,9.300,6
8.100,0.330,0.440,1.500,0.042,6.000,12.000,0.995,3.350,0.610,10.700,5
9.600,0.680,0.240,2.200,0.087,5.000,28.000,0.999,3.140,0.600,10.200,5
13.200,0.460,0.520,2.200,0.071,12.000,35.000,1.001,3.100,0.560,9.000,6
9.900,0.740,0.280,2.600,0.078,21.000,77.000,0.998,3.280,0.510,9.800,5
9.800,0.390,0.430,1.650,0.068,5.000,11.000,0.995,3.190,0.460,11.400,5
10.900,0.210,0.490,2.800,0.088,11.000,32.000,0.997,3.220,0.680,11.700,6
12.800,0.840,0.630,2.400,0.088,13.000,35.000,1.000,3.100,0.600,10.400,6
7.500,0.310,0.410,2.400,0.065,34.000,60.000,0.995,3.340,0.850,11.400,6
11.600,0.410,0.540,1.500,0.095,22.000,41.000,0.997,3.020,0.760,9.900,7
9.000,0.390,0.400,1.300,0.044,25.000,50.000,0.995,3.200,0.830,10.900,6
8.200,0.560,0.230,3.400,0.078,14.000,104.000,0.998,3.280,0.620,9.400,5
8.000,0.390,0.300,1.900,0.074,32.000,84.000,0.997,3.390,0.610,9.000,5
6.800,0.570,0.000,2.500,0.072,32.000,64.000,0.995,3.430,0.560,11.200,6
7.600,0.480,0.310,2.800,0.070,4.000,15.000,0.997,3.220,0.550,10.300,6
7.400,0.490,0.190,3.000,0.077,16.000,37.000,0.997,3.370,0.510,10.500,5
8.100,0.780,0.100,3.300,0.090,4.000,13.000,0.999,3.360,0.490,9.500,5
7.000,0.360,0.210,2.300,0.086,20.000,65.000,0.996,3.400,0.540,10.100,6
5.400,0.420,0.270,2.000,0.092,23.000,55.000,0.995,3.780,0.640,12.300,7
6.700,0.670,0.020,1.900,0.061,26.000,42.000,0.995,3.390,0.820,10.900,6
10.300,0.440,0.500,4.500,0.107,5.000,13.000,0.998,3.280,0.830,11.500,5
7.100,0.600,0.000,1.800,0.074,16.000,34.000,0.997,3.470,0.700,9.900,6
7.800,0.620,0.050,2.300,0.079,6.000,18.000,0.997,3.290,0.630,9.300,5
10.600,0.360,0.570,2.300,0.087,6.000,20.000,0.997,3.140,0.720,11.100,7
11.700,0.490,0.490,2.200,0.083,5.000,15.000,1.000,3.190,0.430,9.200,5
8.800,0.600,0.290,2.200,0.098,5.000,15.000,0.999,3.360,0.490,9.100,5
7.100,0.590,0.000,2.100,0.091,9.000,14.000,0.995,3.420,0.550,11.500,7
8.300,0.540,0.240,3.400,0.076,16.000,112.000,0.998,3.270,0.610,9.400,5
9.300,0.775,0.270,2.800,0.078,24.000,56.000,0.998,3.310,0.670,10.600,6
6.400,0.570,0.120,2.300,0.120,25.000,36.000,0.995,3.470,0.710,11.300,7
9.900,0.400,0.530,6.700,0.097,6.000,19.000,0.999,3.270,0.820,11.700,7
10.600,0.480,0.640,2.200,0.111,6.000,20.000,0.997,3.260,0.660,11.700,6
8.600,0.490,0.280,1.900,0.110,20.000,136.000,0.997,2.930,1.950,9.900,6
8.600,0.635,0.680,1.800,0.403,19.000,56.000,0.996,3.020,1.150,9.300,5
6.400,0.560,0.150,1.800,0.078,17.000,65.000,0.993,3.330,0.600,10.500,6
10.000,0.420,0.500,3.400,0.107,7.000,21.000,0.998,3.260,0.930,11.800,6
11.800,0.260,0.520,1.800,0.071,6.000,10.000,0.997,3.200,0.720,10.200,7
7.500,0.400,0.120,3.000,0.092,29.000,53.000,0.997,3.370,0.700,10.300,6
6.100,0.715,0.100,2.600,0.053,13.000,27.000,0.994,3.570,0.500,11.900,5
11.900,0.430,0.660,3.100,0.109,10.000,23.000,1.000,3.150,0.850,10.400,7
7.600,0.510,0.150,2.800,0.110,33.000,73.000,0.996,3.170,0.630,10.200,6
8.400,0.340,0.420,2.100,0.072,23.000,36.000,0.994,3.110,0.780,12.400,6
7.700,0.570,0.210,1.500,0.069,4.000,9.000,0.995,3.160,0.540,9.800,6
8.900,0.310,0.360,2.600,0.056,10.000,39.000,0.996,3.400,0.690,11.800,5
9.100,0.340,0.420,1.800,0.058,9.000,18.000,0.994,3.180,0.550,11.400,5
7.400,0.740,0.070,1.700,0.086,15.000,48.000,0.995,3.120,0.480,10.000,5
7.800,0.815,0.010,2.600,0.074,48.000,90.000,0.996,3.380,0.620,10.800,5
7.400,0.530,0.260,2.000,0.101,16.000,72.000,0.996,3.150,0.570,9.400,5
10.100,0.310,0.440,2.300,0.080,22.000,46.000,0.999,3.320,0.670,9.700,6
5.900,0.645,0.120,2.000,0.075,32.000,44.000,0.995,3.570,0.710,10.200,5
8.600,0.470,0.470,2.400,0.074,7.000,29.000,0.998,3.080,0.460,9.500,5
7.300,0.380,0.210,2.000,0.080,7.000,35.000,0.996,3.330,0.470,9.500,5
6.800,0.590,0.060,6.000,0.060,11.000,18.000,0.996,3.410,0.590,10.800,7
8.500,0.585,0.180,2.100,0.078,5.000,30.000,0.997,3.200,0.480,9.800,6
8.200,0.280,0.400,2.400,0.052,4.000,10.000,0.994,3.330,0.700,12.800,7
7.500,0.630,0.270,2.000,0.083,17.000,91.000,0.996,3.260,0.580,9.800,6
7.400,0.590,0.080,4.400,0.086,6.000,29.000,0.997,3.380,0.500,9.000,4
9.200,0.460,0.230,2.600,0.091,18.000,77.000,0.999,3.150,0.510,9.400,5
11.100,0.310,0.530,2.200,0.060,3.000,10.000,0.996,3.020,0.830,10.900,7
9.900,0.590,0.070,3.400,0.102,32.000,71.000,1.000,3.310,0.710,9.800,5
9.100,0.520,0.330,1.300,0.070,9.000,30.000,0.998,3.240,0.600,9.300,5
7.700,0.390,0.120,1.700,0.097,19.000,27.000,0.996,3.160,0.490,9.400,5
10.600,1.020,0.430,2.900,0.076,26.000,88.000,0.998,3.080,0.570,10.100,6
7.300,0.440,0.200,1.600,0.049,24.000,64.000,0.994,3.380,0.570,11.700,6
6.900,0.685,0.000,2.500,0.105,22.000,37.000,0.997,3.460,0.570,10.600,6
11.500,0.310,0.510,2.200,0.079,14.000,28.000,0.998,3.030,0.930,9.800,6
9.700,0.530,0.600,2.000,0.039,5.000,19.000,0.996,3.300,0.860,12.400,6
7.000,0.620,0.180,1.500,0.062,7.000,50.000,0.995,3.080,0.600,9.300,5
12.700,0.590,0.450,2.300,0.082,11.000,22.000,1.000,3.000,0.700,9.300,6
9.800,0.880,0.250,2.500,0.104,35.000,155.000,1.001,3.410,0.670,11.200,5
7.800,0.735,0.080,2.400,0.092,10.000,41.000,0.997,3.240,0.710,9.800,6
11.900,0.380,0.490,2.700,0.098,12.000,42.000,1.000,3.160,0.610,10.300,5
6.800,0.410,0.310,8.800,0.084,26.000,45.000,0.998,3.380,0.640,10.100,6
7.800,0.480,0.680,1.700,0.415,14.000,32.000,0.997,3.090,1.060,9.100,6
11.600,0.530,0.660,3.650,0.121,6.000,14.000,0.998,3.050,0.740,11.500,7
6.400,0.530,0.090,3.900,0.123,14.000,31.000,0.997,3.500,0.670,11.000,4
6.100,0.560,0.000,2.200,0.079,6.000,9.000,0.995,3.590,0.540,11.500,6
7.900,0.500,0.330,2.000,0.084,15.000,143.000,0.997,3.200,0.550,9.500,5
11.400,0.360,0.690,2.100,0.090,6.000,21.000,1.000,3.170,0.620,9.200,6
10.600,0.420,0.480,2.700,0.065,5.000,18.000,0.997,3.210,0.870,11.300,6
9.600,0.330,0.520,2.200,0.074,13.000,25.000,0.995,3.360,0.760,12.400,7
7.600,0.490,0.260,1.600,0.236,10.000,88.000,0.997,3.110,0.800,9.300,5
7.000,0.400,0.320,3.600,0.061,9.000,29.000,0.994,3.280,0.490,11.300,7
8.200,0.700,0.230,2.000,0.099,14.000,81.000,0.997,3.190,0.700,9.400,5
7.300,0.670,0.260,1.800,0.401,16.000,51.000,0.997,3.160,1.140,9.400,5
6.300,0.980,0.010,2.000,0.057,15.000,33.000,0.995,3.600,0.460,11.200,6
8.500,0.440,0.500,1.900,0.369,15.000,38.000,0.996,3.010,1.100,9.400,5
6.400,0.400,0.230,1.600,0.066,5.000,12.000,0.996,3.340,0.560,9.200,5
7.000,0.430,0.300,2.000,0.085,6.000,39.000,0.993,3.330,0.460,11.900,6
7.100,0.430,0.420,5.500,0.071,28.000,128.000,0.997,3.420,0.710,10.500,5
7.800,0.520,0.250,1.900,0.081,14.000,38.000,0.998,3.430,0.650,9.000,6
6.600,0.440,0.150,2.100,0.076,22.000,53.000,0.996,3.320,0.620,9.300,5
7.200,0.340,0.320,2.500,0.090,43.000,113.000,0.997,3.320,0.790,11.100,5
7.100,0.390,0.120,2.100,0.065,14.000,24.000,0.993,3.300,0.530,13.300,6
8.600,0.315,0.400,2.200,0.079,3.000,6.000,0.995,3.270,0.670,11.900,6
6.800,0.680,0.090,3.900,0.068,15.000,29.000,0.995,3.410,0.520,11.100,4
6.200,0.560,0.090,1.700,0.053,24.000,32.000,0.994,3.540,0.600,11.300,5
6.000,0.510,0.000,2.100,0.064,40.000,54.000,0.995,3.540,0.930,10.700,6
8.800,0.610,0.140,2.400,0.067,10.000,42.000,0.997,3.190,0.590,9.500,5
7.300,0.480,0.320,2.100,0.062,31.000,54.000,0.997,3.300,0.650,10.000,7
10.700,0.350,0.530,2.600,0.070,5.000,16.000,0.997,3.150,0.650,11.000,8
6.700,0.460,0.240,1.700,0.077,18.000,34.000,0.995,3.390,0.600,10.600,6
10.500,0.510,0.640,2.400,0.107,6.000,15.000,0.997,3.090,0.660,11.800,7
9.900,0.500,0.240,2.300,0.103,6.000,14.000,0.998,3.340,0.520,10.000,4
8.600,0.220,0.360,1.900,0.064,53.000,77.000,0.996,3.470,0.870,11.000,7
12.500,0.460,0.630,2.000,0.071,6.000,15.000,0.999,2.990,0.870,10.200,5
7.200,0.540,0.270,2.600,0.084,12.000,78.000,0.996,3.390,0.710,11.000,5
6.400,0.670,0.080,2.100,0.045,19.000,48.000,0.995,3.490,0.490,11.400,6
7.500,0.580,0.140,2.200,0.077,27.000,60.000,0.996,3.280,0.590,9.800,5
7.800,0.580,0.130,2.100,0.102,17.000,36.000,0.994,3.240,0.530,11.200,6
6.600,0.815,0.020,2.700,0.072,17.000,34.000,0.996,3.580,0.890,12.300,7
6.300,0.570,0.280,2.100,0.048,13.000,49.000,0.994,3.410,0.600,12.800,5
7.200,0.695,0.130,2.000,0.076,12.000,20.000,0.995,3.290,0.540,10.100,5
9.500,0.590,0.440,2.300,0.071,21.000,68.000,0.999,3.460,0.630,9.500,5
9.900,0.250,0.460,1.700,0.062,26.000,42.000,0.996,3.180,0.830,10.600,6
7.100,0.430,0.170,1.800,0.082,27.000,51.000,0.996,3.490,0.640,10.400,5
7.200,0.560,0.260,2.000,0.083,13.000,100.000,0.996,3.260,0.520,9.900,5
7.600,0.490,0.330,1.900,0.074,27.000,85.000,0.997,3.410,0.580,9.000,5
6.700,0.160,0.640,2.100,0.059,24.000,52.000,0.995,3.340,0.710,11.200,6
10.600,1.025,0.430,2.800,0.080,21.000,84.000,0.999,3.060,0.570,10.100,5
15.000,0.210,0.440,2.200,0.075,10.000,24.000,1.000,3.070,0.840,9.200,7
7.300,0.740,0.080,1.700,0.094,10.000,45.000,0.996,3.240,0.500,9.800,5
7.700,0.835,0.000,2.600,0.081,6.000,14.000,0.998,3.300,0.520,9.300,5
9.000,0.470,0.310,2.700,0.084,24.000,125.000,0.998,3.310,0.610,9.400,5
7.200,0.620,0.060,2.700,0.077,15.000,85.000,0.997,3.510,0.540,9.500,5
7.600,0.360,0.310,1.700,0.079,26.000,65.000,0.997,3.460,0.620,9.500,6
9.000,0.460,0.310,2.800,0.093,19.000,98.000,0.998,3.320,0.630,9.500,6
12.300,0.390,0.630,2.300,0.091,6.000,18.000,1.000,3.160,0.490,9.500,5
6.400,0.790,0.040,2.200,0.061,11.000,17.000,0.996,3.530,0.650,10.400,6
7.600,0.540,0.130,2.500,0.097,24.000,66.000,0.998,3.390,0.610,9.400,5
10.300,0.430,0.440,2.400,0.214,5.000,12.000,0.999,3.190,0.630,9.500,6
7.500,0.510,0.020,1.700,0.084,13.000,31.000,0.995,3.360,0.540,10.500,6
10.500,0.240,0.470,2.100,0.066,6.000,24.000,0.998,3.150,0.900,11.000,7
7.700,0.260,0.260,2.000,0.052,19.000,77.000,0.995,3.150,0.790,10.900,6
11.500,0.590,0.590,2.600,0.087,13.000,49.000,0.999,3.180,0.650,11.000,6
10.500,0.240,0.470,2.100,0.066,6.000,24.000,0.998,3.150,0.900,11.000,7
6.900,0.765,0.020,2.300,0.063,35.000,63.000,0.998,3.570,0.780,9.900,5
7.600,1.580,0.000,2.100,0.137,5.000,9.000,0.995,3.500,0.400,10.900,3
8.900,0.610,0.490,2.000,0.270,23.000,110.000,0.997,3.120,1.020,9.300,5
9.100,0.400,0.500,1.800,0.071,7.000,16.000,0.995,3.210,0.690,12.500,8
6.000,0.330,0.320,12.900,0.054,6.000,113.000,0.996,3.300,0.560,11.500,4
6.900,0.635,0.170,2.400,0.241,6.000,18.000,0.996,3.400,0.590,10.300,6
7.300,0.480,0.320,2.100,0.062,31.000,54.000,0.997,3.300,0.650,10.000,7
10.600,0.830,0.370,2.600,0.086,26.000,70.000,0.998,3.160,0.520,9.900,5
6.600,0.390,0.490,1.700,0.070,23.000,149.000,0.992,3.120,0.500,11.500,6
8.300,0.615,0.220,2.600,0.087,6.000,19.000,0.998,3.260,0.610,9.300,5
9.500,0.390,0.410,8.900,0.069,18.000,39.000,0.999,3.290,0.810,10.900,7
6.900,0.390,0.240,2.100,0.102,4.000,7.000,0.995,3.440,0.580,11.400,4
9.400,0.270,0.530,2.400,0.074,6.000,18.000,0.996,3.200,1.130,12.000,7
8.300,0.310,0.390,2.400,0.078,17.000,43.000,0.994,3.310,0.770,12.500,7
8.200,1.330,0.000,1.700,0.081,3.000,12.000,0.996,3.530,0.490,10.900,5
9.100,0.660,0.150,3.200,0.097,9.000,59.000,1.000,3.280,0.540,9.600,5
12.400,0.350,0.490,2.600,0.079,27.000,69.000,0.999,3.120,0.750,10.400,6
6.700,0.750,0.010,2.400,0.078,17.000,32.000,0.996,3.550,0.610,12.800,6
6.600,0.630,0.000,4.300,0.093,51.000,77.500,0.996,3.200,0.450,9.500,5
11.000,0.300,0.580,2.100,0.054,7.000,19.000,0.998,3.310,0.880,10.500,7
8.400,0.745,0.110,1.900,0.090,16.000,63.000,0.997,3.190,0.820,9.600,5
7.800,0.500,0.120,1.800,0.178,6.000,21.000,0.996,3.280,0.870,9.800,6
7.700,0.610,0.180,2.400,0.083,6.000,20.000,0.996,3.290,0.600,10.200,6
9.500,0.550,0.660,2.300,0.387,12.000,37.000,0.998,3.170,0.670,9.600,5
8.200,0.780,0.000,2.200,0.089,13.000,26.000,0.998,3.370,0.460,9.600,4
9.500,0.570,0.270,2.300,0.082,23.000,144.000,0.998,3.270,0.550,9.400,5
13.200,0.380,0.550,2.700,0.081,5.000,16.000,1.001,2.980,0.540,9.400,5
10.000,0.350,0.470,2.000,0.061,6.000,11.000,0.996,3.230,0.520,12.000,6
9.000,0.440,0.490,2.400,0.078,26.000,121.000,0.998,3.230,0.580,9.200,5
6.700,0.580,0.080,1.800,0.097,15.000,65.000,0.996,3.280,0.540,9.200,5
12.900,0.500,0.550,2.800,0.072,7.000,24.000,1.000,3.090,0.680,10.900,6
7.600,0.520,0.120,3.000,0.067,12.000,53.000,0.997,3.360,0.570,9.100,5
11.000,0.200,0.480,2.000,0.343,6.000,18.000,0.998,3.300,0.710,10.500,5
11.300,0.370,0.410,2.300,0.088,6.000,16.000,0.999,3.090,0.800,9.300,5
7.000,0.600,0.120,2.200,0.083,13.000,28.000,0.997,3.520,0.620,10.200,7
6.100,0.380,0.150,1.800,0.072,6.000,19.000,0.996,3.420,0.570,9.400,5
10.300,0.590,0.420,2.800,0.090,35.000,73.000,0.999,3.280,0.700,9.500,6
9.200,0.670,0.100,3.000,0.091,12.000,48.000,0.999,3.310,0.540,9.500,6
9.500,0.460,0.240,2.700,0.092,14.000,44.000,0.998,3.120,0.740,10.000,6
10.400,0.280,0.540,2.700,0.105,5.000,19.000,0.999,3.250,0.630,9.500,5
8.700,0.700,0.240,2.500,0.226,5.000,15.000,0.999,3.320,0.600,9.000,6
8.100,0.870,0.000,2.200,0.084,10.000,31.000,0.997,3.250,0.500,9.800,5
5.600,0.915,0.000,2.100,0.041,17.000,78.000,0.993,3.680,0.730,11.400,5
6.100,0.320,0.250,2.300,0.071,23.000,58.000,0.996,3.420,0.970,10.600,5
7.100,0.680,0.000,2.200,0.073,12.000,22.000,0.997,3.480,0.500,9.300,5
7.200,0.520,0.070,1.400,0.074,5.000,20.000,0.997,3.320,0.810,9.600,6
12.500,0.600,0.490,4.300,0.100,5.000,14.000,1.001,3.250,0.740,11.900,6
7.700,0.280,0.300,2.000,0.062,18.000,34.000,0.995,3.280,0.900,11.300,7
7.800,0.590,0.330,2.000,0.074,24.000,120.000,0.997,3.250,0.540,9.400,5
9.100,0.760,0.680,1.700,0.414,18.000,64.000,0.997,2.900,1.330,9.100,6
10.800,0.400,0.410,2.200,0.084,7.000,17.000,0.998,3.080,0.670,9.300,6
9.000,0.430,0.340,2.500,0.080,26.000,86.000,0.999,3.380,0.620,9.500,6
6.800,0.775,0.000,3.000,0.102,8.000,23.000,0.997,3.450,0.560,10.700,5
12.200,0.450,0.490,1.400,0.075,3.000,6.000,0.997,3.130,0.630,10.400,5
8.500,0.340,0.440,1.700,0.079,6.000,12.000,0.996,3.520,0.630,10.700,5
7.100,0.430,0.420,5.500,0.070,29.000,129.000,0.997,3.420,0.720,10.500,5
6.800,0.770,0.000,1.800,0.066,34.000,52.000,0.998,3.620,0.680,9.900,5
5.900,0.395,0.130,2.400,0.056,14.000,28.000,0.994,3.620,0.670,12.400,6
10.400,0.240,0.490,1.800,0.075,6.000,20.000,0.998,3.180,1.060,11.000,6
7.400,0.550,0.190,1.800,0.082,15.000,34.000,0.997,3.490,0.680,10.500,5
7.900,0.330,0.410,1.500,0.056,6.000,35.000,0.994,3.290,0.710,11.000,6
6.900,0.490,0.190,1.700,0.079,13.000,26.000,0.995,3.380,0.640,9.800,6
9.300,0.480,0.290,2.100,0.127,6.000,16.000,0.997,3.220,0.720,11.200,5
7.700,0.600,0.000,2.600,0.055,7.000,13.000,0.996,3.380,0.560,10.800,5
7.000,0.805,0.000,2.500,0.068,7.000,20.000,0.997,3.480,0.560,9.600,5
5.600,0.850,0.050,1.400,0.045,12.000,88.000,0.992,3.560,0.820,12.900,8
8.800,0.470,0.490,2.900,0.085,17.000,110.000,0.998,3.290,0.600,9.800,5
8.700,0.780,0.510,1.700,0.415,12.000,66.000,0.996,3.000,1.170,9.200,5
8.400,0.560,0.040,2.000,0.082,10.000,22.000,0.998,3.220,0.440,9.600,5
9.700,0.660,0.340,2.600,0.094,12.000,88.000,0.998,3.260,0.660,10.100,5
13.300,0.430,0.580,1.900,0.070,15.000,40.000,1.000,3.060,0.490,9.000,5
7.300,0.340,0.330,2.500,0.064,21.000,37.000,0.995,3.350,0.770,12.100,7
8.900,0.480,0.240,2.850,0.094,35.000,106.000,0.998,3.100,0.530,9.200,5
9.800,0.340,0.390,1.400,0.066,3.000,7.000,0.995,3.190,0.550,11.400,7
10.200,0.330,0.460,1.900,0.081,6.000,9.000,0.996,3.100,0.480,10.400,6
10.700,0.900,0.340,6.600,0.112,23.000,99.000,1.003,3.220,0.680,9.300,5
7.000,0.570,0.020,2.000,0.072,17.000,26.000,0.996,3.360,0.610,10.200,5
7.700,0.965,0.100,2.100,0.112,11.000,22.000,0.996,3.260,0.500,9.500,5
13.300,0.340,0.520,3.200,0.094,17.000,53.000,1.001,3.050,0.810,9.500,6
8.000,0.770,0.320,2.100,0.079,16.000,74.000,0.997,3.270,0.500,9.800,6
6.400,0.885,0.000,2.300,0.166,6.000,12.000,0.996,3.560,0.510,10.800,5
9.300,0.390,0.440,2.100,0.107,34.000,125.000,0.998,3.140,1.220,9.500,5
8.800,0.610,0.300,2.800,0.088,17.000,46.000,0.998,3.260,0.510,9.300,4
5.600,0.500,0.090,2.300,0.049,17.000,99.000,0.994,3.630,0.630,13.000,5
10.200,0.400,0.400,2.500,0.068,41.000,54.000,0.998,3.380,0.860,10.500,6
11.200,0.400,0.500,2.000,0.099,19.000,50.000,0.998,3.100,0.580,10.400,5
9.200,0.530,0.240,2.600,0.078,28.000,139.000,0.998,3.210,0.570,9.500,5
6.600,0.440,0.090,2.200,0.063,9.000,18.000,0.994,3.420,0.690,11.300,6
9.000,0.820,0.050,2.400,0.081,26.000,96.000,0.998,3.360,0.530,10.000,5
7.300,0.590,0.260,7.200,0.070,35.000,121.000,0.998,3.370,0.490,9.400,5
8.700,0.520,0.090,2.500,0.091,20.000,49.000,0.998,3.340,0.860,10.600,7
6.400,0.360,0.210,2.200,0.047,26.000,48.000,0.997,3.470,0.770,9.700,6
10.000,0.730,0.430,2.300,0.059,15.000,31.000,0.997,3.150,0.570,11.000,5
9.600,0.560,0.310,2.800,0.089,15.000,46.000,0.998,3.110,0.920,10.000,6
6.200,0.360,0.240,2.200,0.095,19.000,42.000,0.995,3.570,0.570,11.700,6
9.500,0.885,0.270,2.300,0.084,31.000,145.000,0.998,3.240,0.530,9.400,5
6.200,0.440,0.390,2.500,0.077,6.000,14.000,0.996,3.510,0.690,11.000,6
6.200,0.640,0.090,2.500,0.081,15.000,26.000,0.995,3.570,0.630,12.000,5
6.200,0.460,0.170,1.600,0.073,7.000,11.000,0.994,3.610,0.540,11.400,5
5.600,0.605,0.050,2.400,0.073,19.000,25.000,0.993,3.560,0.550,12.900,5
9.800,1.240,0.340,2.000,0.079,32.000,151.000,0.998,3.150,0.530,9.500,5
10.400,0.330,0.630,2.800,0.084,5.000,22.000,1.000,3.260,0.740,11.200,7
11.500,0.540,0.710,4.400,0.124,6.000,15.000,0.998,3.010,0.830,11.800,7
8.400,0.560,0.080,2.100,0.105,16.000,44.000,0.996,3.130,0.520,11.000,5
7.600,0.735,0.020,2.500,0.071,10.000,14.000,0.995,3.510,0.710,11.700,7
6.000,0.510,0.000,2.100,0.064,40.000,54.000,0.995,3.540,0.930,10.700,6
9.000,0.785,0.240,1.700,0.078,10.000,21.000,0.997,3.290,0.670,10.000,5
6.700,0.860,0.070,2.000,0.100,20.000,57.000,0.996,3.600,0.740,11.700,6
10.000,0.350,0.450,2.500,0.092,20.000,88.000,0.999,3.150,0.430,9.400,5
5.600,0.620,0.030,1.500,0.080,6.000,13.000,0.995,3.660,0.620,10.100,4
9.600,0.880,0.280,2.400,0.086,30.000,147.000,0.998,3.240,0.530,9.400,5
13.400,0.270,0.620,2.600,0.082,6.000,21.000,1.000,3.160,0.670,9.700,6
9.000,0.480,0.320,2.800,0.084,21.000,122.000,0.998,3.320,0.620,9.400,5
9.800,0.660,0.390,3.200,0.083,21.000,59.000,0.999,3.370,0.710,11.500,7
7.500,0.580,0.030,4.100,0.080,27.000,46.000,0.996,3.020,0.470,9.200,5
7.600,0.360,0.310,1.700,0.079,26.000,65.000,0.997,3.460,0.620,9.500,6
7.300,0.550,0.030,1.600,0.072,17.000,42.000,0.996,3.370,0.480,9.000,4
5.600,0.615,0.000,1.600,0.089,16.000,59.000,0.994,3.580,0.520,9.900,5
8.000,0.420,0.170,2.000,0.073,6.000,18.000,0.997,3.290,0.610,9.200,6
7.900,0.330,0.230,1.700,0.077,18.000,45.000,0.996,3.290,0.650,9.300,5
10.000,0.690,0.110,1.400,0.084,8.000,24.000,0.996,2.880,0.470,9.700,5
7.800,0.530,0.010,1.600,0.077,3.000,19.000,0.995,3.160,0.460,9.800,5
7.400,0.635,0.100,2.400,0.080,16.000,33.000,0.997,3.580,0.690,10.800,7
7.800,0.560,0.190,2.100,0.081,15.000,105.000,0.996,3.330,0.540,9.500,5
9.000,0.530,0.490,1.900,0.171,6.000,25.000,0.998,3.270,0.610,9.400,6
7.500,0.410,0.150,3.700,0.104,29.000,94.000,0.998,3.140,0.580,9.100,5
6.600,0.570,0.020,2.100,0.115,6.000,16.000,0.997,3.380,0.690,9.500,5
8.700,0.630,0.280,2.700,0.096,17.000,69.000,0.997,3.260,0.630,10.200,6
10.900,0.530,0.490,4.600,0.118,10.000,17.000,1.000,3.070,0.560,11.700,6
7.800,0.560,0.190,2.000,0.081,17.000,108.000,0.996,3.320,0.540,9.500,5
7.100,0.620,0.060,1.300,0.070,5.000,12.000,0.994,3.170,0.480,9.800,5
7.100,0.340,0.280,2.000,0.082,31.000,68.000,0.997,3.450,0.480,9.400,5
8.400,0.635,0.360,2.000,0.089,15.000,55.000,0.997,3.310,0.570,10.400,4
11.600,0.475,0.400,1.400,0.091,6.000,28.000,0.997,3.070,0.650,10.033,6
12.500,0.460,0.490,4.500,0.070,26.000,49.000,0.998,3.050,0.570,9.600,4
10.000,0.490,0.200,11.000,0.071,13.000,50.000,1.002,3.160,0.690,9.200,6
8.500,0.180,0.510,1.750,0.071,45.000,88.000,0.995,3.330,0.760,11.800,7
6.900,0.670,0.060,2.100,0.080,8.000,33.000,0.998,3.680,0.710,9.600,5
9.100,0.290,0.330,2.050,0.063,13.000,27.000,0.995,3.260,0.840,11.700,7
6.300,0.680,0.010,3.700,0.103,32.000,54.000,0.996,3.510,0.660,11.300,6
7.800,0.910,0.070,1.900,0.058,22.000,47.000,0.995,3.510,0.430,10.700,6
8.200,0.280,0.600,3.000,0.104,10.000,22.000,0.998,3.390,0.680,10.600,5
7.600,0.550,0.210,2.200,0.071,7.000,28.000,0.996,3.280,0.550,9.700,5
7.900,0.340,0.360,1.900,0.065,5.000,10.000,0.994,3.270,0.540,11.200,7
10.500,0.590,0.490,2.100,0.070,14.000,47.000,0.999,3.300,0.560,9.600,4
10.500,0.260,0.470,1.900,0.078,6.000,24.000,0.998,3.180,1.040,10.900,7
8.300,0.600,0.130,2.600,0.085,6.000,24.000,0.998,3.310,0.590,9.200,6
8.800,0.450,0.430,1.400,0.076,12.000,21.000,0.996,3.210,0.750,10.200,6
7.700,0.230,0.370,1.800,0.046,23.000,60.000,0.997,3.410,0.710,12.100,6
11.200,0.280,0.560,1.900,0.075,17.000,60.000,0.998,3.160,0.580,9.800,6
7.100,0.685,0.350,2.000,0.088,9.000,92.000,0.996,3.280,0.620,9.400,5
8.800,0.460,0.450,2.600,0.065,7.000,18.000,0.995,3.320,0.790,14.000,6
9.300,0.610,0.260,3.400,0.090,25.000,87.000,1.000,3.240,0.620,9.700,5
7.400,0.660,0.000,1.800,0.075,13.000,40.000,0.998,3.510,0.560,9.400,5
6.800,0.610,0.040,1.500,0.057,5.000,10.000,0.995,3.420,0.600,9.500,5
10.600,0.310,0.490,2.500,0.067,6.000,21.000,0.999,3.260,0.860,10.700,6
6.400,0.640,0.210,1.800,0.081,14.000,31.000,0.997,3.590,0.660,9.800,5
7.300,0.450,0.360,5.900,0.074,12.000,87.000,0.998,3.330,0.830,10.500,5
9.300,0.715,0.240,2.100,0.070,5.000,20.000,0.997,3.120,0.590,9.900,5
7.700,0.580,0.100,1.800,0.102,28.000,109.000,0.996,3.080,0.490,9.800,6
8.300,0.715,0.150,1.800,0.089,10.000,52.000,0.997,3.230,0.770,9.500,5
7.200,0.330,0.330,1.700,0.061,3.000,13.000,0.996,3.230,1.100,10.000,8
6.300,1.020,0.000,2.000,0.083,17.000,24.000,0.994,3.590,0.550,11.200,4
8.600,0.800,0.110,2.300,0.084,12.000,31.000,0.998,3.400,0.480,9.900,5
9.100,0.210,0.370,1.600,0.067,6.000,10.000,0.996,3.230,0.580,11.100,7
8.400,0.360,0.320,2.200,0.081,32.000,79.000,0.996,3.300,0.720,11.000,6
7.400,0.360,0.340,1.800,0.075,18.000,38.000,0.993,3.380,0.880,13.600,7
6.400,0.630,0.210,1.600,0.080,12.000,32.000,0.997,3.580,0.660,9.800,5
6.000,0.540,0.060,1.800,0.050,38.000,89.000,0.992,3.300,0.500,10.550,6
12.300,0.500,0.490,2.200,0.089,5.000,14.000,1.000,3.190,0.440,9.600,5
7.300,0.690,0.320,2.200,0.069,35.000,104.000,0.996,3.330,0.510,9.500,5
7.500,0.420,0.310,1.600,0.080,15.000,42.000,0.998,3.310,0.640,9.000,5
7.100,0.750,0.010,2.200,0.059,11.000,18.000,0.992,3.390,0.400,12.800,6
8.200,0.280,0.600,3.000,0.104,10.000,22.000,0.998,3.390,0.680,10.600,5
11.500,0.450,0.500,3.000,0.078,19.000,47.000,1.000,3.260,1.110,11.000,6
7.400,0.360,0.290,2.600,0.087,26.000,72.000,0.996,3.390,0.680,11.000,5
15.600,0.685,0.760,3.700,0.100,6.000,43.000,1.003,2.950,0.680,11.200,7
9.600,0.770,0.120,2.900,0.082,30.000,74.000,0.999,3.300,0.640,10.400,6
6.200,0.650,0.060,1.600,0.050,6.000,18.000,0.993,3.570,0.540,11.950,5
8.300,0.330,0.420,2.300,0.070,9.000,20.000,0.994,3.380,0.770,12.700,7
7.000,0.550,0.130,2.200,0.075,15.000,35.000,0.996,3.360,0.590,9.700,6
8.600,0.420,0.390,1.800,0.068,6.000,12.000,0.995,3.350,0.690,11.700,8
7.700,0.960,0.200,2.000,0.047,15.000,60.000,0.996,3.360,0.440,10.900,5
5.000,1.040,0.240,1.600,0.050,32.000,96.000,0.993,3.740,0.620,11.500,5
7.900,0.720,0.170,2.600,0.096,20.000,38.000,0.998,3.400,0.530,9.500,5
9.900,0.500,0.500,13.800,0.205,48.000,82.000,1.002,3.160,0.750,8.800,5
8.300,0.300,0.490,3.800,0.090,11.000,24.000,0.995,3.270,0.640,12.100,7
10.100,0.450,0.230,1.900,0.082,10.000,18.000,0.998,3.220,0.650,9.300,6
7.400,0.360,0.300,1.800,0.074,17.000,24.000,0.994,3.240,0.700,11.400,8
6.000,0.500,0.040,2.200,0.092,13.000,26.000,0.996,3.460,0.470,10.000,5
9.000,0.820,0.140,2.600,0.089,9.000,23.000,0.998,3.390,0.630,9.800,5
10.400,0.520,0.450,2.000,0.080,6.000,13.000,0.998,3.220,0.760,11.400,6
8.400,0.360,0.320,2.200,0.081,32.000,79.000,0.996,3.300,0.720,11.000,6
5.900,0.440,0.000,1.600,0.042,3.000,11.000,0.994,3.480,0.850,11.700,6
7.900,0.400,0.300,1.800,0.157,2.000,45.000,0.997,3.310,0.910,9.500,6
7.500,0.520,0.110,1.500,0.079,11.000,39.000,0.997,3.420,0.580,9.600,5
8.400,0.665,0.610,2.000,0.112,13.000,95.000,0.997,3.160,0.540,9.100,5
10.600,0.310,0.490,2.200,0.063,18.000,40.000,0.998,3.140,0.510,9.800,6
6.900,0.400,0.140,2.400,0.085,21.000,40.000,0.997,3.430,0.630,9.700,6
8.000,0.725,0.240,2.800,0.083,10.000,62.000,0.997,3.350,0.560,10.000,6
7.600,0.430,0.290,2.100,0.075,19.000,66.000,0.997,3.400,0.640,9.500,5
7.200,0.250,0.370,2.500,0.063,11.000,41.000,0.994,3.520,0.800,12.400,7
9.900,0.630,0.240,2.400,0.077,6.000,33.000,0.997,3.090,0.570,9.400,5
6.700,0.280,0.280,2.400,0.012,36.000,100.000,0.991,3.260,0.390,11.700,7
11.600,0.410,0.580,2.800,0.096,25.000,101.000,1.000,3.130,0.530,10.000,5
6.900,0.550,0.150,2.200,0.076,19.000,40.000,0.996,3.410,0.590,10.100,5
7.300,0.670,0.020,2.200,0.072,31.000,92.000,0.996,3.320,0.680,11.067,6
10.900,0.370,0.580,4.000,0.071,17.000,65.000,0.999,3.220,0.780,10.100,5
7.500,0.570,0.080,2.600,0.089,14.000,27.000,0.996,3.300,0.590,10.400,6
9.000,0.800,0.120,2.400,0.083,8.000,28.000,0.998,3.330,0.650,10.400,6
6.900,0.630,0.020,1.900,0.078,18.000,30.000,0.997,3.400,0.750,9.800,5
7.400,0.785,0.190,5.200,0.094,19.000,98.000,0.997,3.160,0.520,9.567,6
8.700,0.540,0.260,2.500,0.097,7.000,31.000,0.998,3.270,0.600,9.300,6
9.200,0.310,0.360,2.200,0.079,11.000,31.000,0.996,3.330,0.860,12.000,7
7.100,0.220,0.490,1.800,0.039,8.000,18.000,0.993,3.390,0.560,12.400,6
10.200,0.490,0.630,2.900,0.072,10.000,26.000,0.997,3.160,0.780,12.500,7
8.400,0.715,0.200,2.400,0.076,10.000,38.000,0.997,3.310,0.640,9.400,5
10.800,0.450,0.330,2.500,0.099,20.000,38.000,0.998,3.240,0.710,10.800,5
11.900,0.580,0.660,2.500,0.072,6.000,37.000,0.999,3.050,0.560,10.000,5
10.000,0.580,0.220,1.900,0.080,9.000,32.000,0.997,3.130,0.550,9.500,5
7.800,0.760,0.040,2.300,0.092,15.000,54.000,0.997,3.260,0.650,9.800,5
7.900,0.600,0.060,1.600,0.069,15.000,59.000,0.996,3.300,0.460,9.400,5
7.900,0.530,0.240,2.000,0.072,15.000,105.000,0.996,3.270,0.540,9.400,6
8.600,0.370,0.650,6.400,0.080,3.000,8.000,0.998,3.270,0.580,11.000,5
11.100,0.390,0.540,2.700,0.095,21.000,101.000,1.000,3.130,0.510,9.500,5
9.400,0.590,0.140,2.000,0.084,25.000,48.000,0.998,3.140,0.560,9.700,5
12.800,0.615,0.660,5.800,0.083,7.000,42.000,1.002,3.070,0.730,10.000,7
7.500,0.520,0.400,2.200,0.060,12.000,20.000,0.995,3.260,0.640,11.800,6
7.000,0.490,0.490,5.600,0.060,26.000,121.000,0.997,3.340,0.760,10.500,5
7.400,0.350,0.330,2.400,0.068,9.000,26.000,0.995,3.360,0.600,11.900,6
7.900,0.430,0.210,1.600,0.106,10.000,37.000,0.997,3.170,0.910,9.500,5
8.200,0.200,0.430,2.500,0.076,31.000,51.000,0.997,3.530,0.810,10.400,6
7.100,0.360,0.300,1.600,0.080,35.000,70.000,0.997,3.440,0.500,9.400,5
6.800,0.640,0.030,2.300,0.075,14.000,31.000,0.995,3.360,0.580,10.400,6
7.200,0.390,0.440,2.600,0.066,22.000,48.000,0.995,3.300,0.840,11.500,6
7.700,0.915,0.120,2.200,0.143,7.000,23.000,0.996,3.350,0.650,10.200,7
7.400,0.680,0.160,1.800,0.078,12.000,39.000,0.998,3.500,0.700,9.900,6
8.400,0.560,0.040,2.000,0.082,10.000,22.000,0.998,3.220,0.440,9.600,5
9.200,0.920,0.240,2.600,0.087,12.000,93.000,1.000,3.480,0.540,9.800,5
7.200,0.380,0.380,2.800,0.068,23.000,42.000,0.994,3.340,0.720,12.900,7
6.800,0.690,0.000,5.600,0.124,21.000,58.000,1.000,3.460,0.720,10.200,5
9.000,0.380,0.410,2.400,0.103,6.000,10.000,0.996,3.130,0.580,11.900,7
9.400,0.340,0.370,2.200,0.075,5.000,13.000,0.998,3.220,0.620,9.200,5
6.300,0.390,0.160,1.400,0.080,11.000,23.000,0.996,3.340,0.560,9.300,5
8.900,0.430,0.450,1.900,0.052,6.000,16.000,0.995,3.350,0.700,12.500,6
10.200,0.240,0.490,2.400,0.075,10.000,28.000,0.998,3.140,0.610,10.400,5
8.700,0.290,0.520,1.600,0.113,12.000,37.000,0.997,3.250,0.580,9.500,5
7.800,0.410,0.680,1.700,0.467,18.000,69.000,0.997,3.080,1.310,9.300,5
9.100,0.785,0.000,2.600,0.093,11.000,28.000,0.999,3.360,0.860,9.400,6
7.700,0.620,0.040,3.800,0.084,25.000,45.000,0.998,3.340,0.530,9.500,5
5.300,0.715,0.190,1.500,0.161,7.000,62.000,0.994,3.620,0.610,11.000,5
8.200,0.570,0.260,2.200,0.060,28.000,65.000,0.996,3.300,0.430,10.100,5
7.300,1.070,0.090,1.700,0.178,10.000,89.000,0.996,3.300,0.570,9.000,5
7.700,0.390,0.120,1.700,0.097,19.000,27.000,0.996,3.160,0.490,9.400,5
6.800,0.360,0.320,1.800,0.067,4.000,8.000,0.993,3.360,0.550,12.800,7
7.700,0.690,0.220,1.900,0.084,18.000,94.000,0.996,3.310,0.480,9.500,5
8.000,0.600,0.220,2.100,0.080,25.000,105.000,0.996,3.300,0.490,9.900,5
7.600,0.715,0.000,2.100,0.068,30.000,35.000,0.995,3.480,0.650,11.400,6
7.300,0.490,0.100,2.600,0.068,4.000,14.000,0.996,3.300,0.470,10.500,5
4.600,0.520,0.150,2.100,0.054,8.000,65.000,0.993,3.900,0.560,13.100,4
11.500,0.420,0.480,2.600,0.077,8.000,20.000,0.999,3.090,0.530,11.000,5
9.300,0.400,0.490,2.500,0.085,38.000,142.000,0.998,3.220,0.550,9.400,5
9.700,0.295,0.400,1.500,0.073,14.000,21.000,0.996,3.140,0.510,10.900,6
7.200,0.660,0.030,2.300,0.078,16.000,86.000,0.997,3.530,0.570,9.700,5
12.200,0.450,0.490,1.400,0.075,3.000,6.000,0.997,3.130,0.630,10.400,5
8.300,1.020,0.020,3.400,0.084,6.000,11.000,0.999,3.480,0.490,11.000,3
10.300,0.270,0.240,2.100,0.072,15.000,33.000,0.996,3.220,0.660,12.800,6
7.500,0.570,0.020,2.600,0.077,11.000,35.000,0.996,3.360,0.620,10.800,6
13.200,0.460,0.520,2.200,0.071,12.000,35.000,1.001,3.100,0.560,9.000,6
10.000,0.290,0.400,2.900,0.098,10.000,26.000,1.001,3.480,0.910,9.700,5
6.800,0.410,0.310,8.800,0.084,26.000,45.000,0.998,3.380,0.640,10.100,6
11.600,0.475,0.400,1.400,0.091,6.000,28.000,0.997,3.070,0.650,10.033,6
7.200,0.600,0.040,2.500,0.076,18.000,88.000,0.997,3.530,0.550,9.500,5
6.300,0.510,0.130,2.300,0.076,29.000,40.000,0.996,3.420,0.750,11.000,6
8.800,0.400,0.400,2.200,0.079,19.000,52.000,0.998,3.440,0.640,9.200,5
9.100,0.300,0.340,2.000,0.064,12.000,25.000,0.995,3.260,0.840,11.700,7
8.600,0.490,0.290,2.000,0.110,19.000,133.000,0.997,2.930,1.980,9.800,5
8.300,0.490,0.360,1.800,0.222,6.000,16.000,0.998,3.180,0.600,9.500,6
6.200,0.600,0.080,2.000,0.090,32.000,44.000,0.995,3.450,0.580,10.500,5
7.600,0.550,0.210,2.200,0.071,7.000,28.000,0.996,3.280,0.550,9.700,5
11.400,0.260,0.440,3.600,0.071,6.000,19.000,0.999,3.120,0.820,9.300,6
5.100,0.470,0.020,1.300,0.034,18.000,44.000,0.992,3.900,0.620,12.800,6
12.600,0.380,0.660,2.600,0.088,10.000,41.000,1.001,3.170,0.680,9.800,6
7.300,0.365,0.490,2.500,0.088,39.000,106.000,0.997,3.360,0.780,11.000,5
7.400,0.610,0.010,2.000,0.074,13.000,38.000,0.997,3.480,0.650,9.800,5
6.900,0.510,0.230,2.000,0.072,13.000,22.000,0.994,3.400,0.840,11.200,6
7.200,0.730,0.020,2.500,0.076,16.000,42.000,0.997,3.440,0.520,9.300,5
11.600,0.410,0.540,1.500,0.095,22.000,41.000,0.997,3.020,0.760,9.900,7
8.600,0.520,0.380,1.500,0.096,5.000,18.000,0.997,3.200,0.520,9.400,5
7.800,0.560,0.190,1.800,0.104,12.000,47.000,0.996,3.190,0.930,9.500,5
9.800,0.500,0.340,2.300,0.094,10.000,45.000,0.999,3.240,0.600,9.700,7
7.500,0.490,0.200,2.600,0.332,8.000,14.000,0.997,3.210,0.900,10.500,6
8.200,0.340,0.380,2.500,0.080,12.000,57.000,0.998,3.300,0.470,9.000,6
9.000,0.620,0.040,1.900,0.146,27.000,90.000,0.998,3.160,0.700,9.400,5
7.000,0.430,0.360,1.600,0.089,14.000,37.000,0.996,3.340,0.560,9.200,6
6.600,0.610,0.010,1.900,0.080,8.000,25.000,0.997,3.690,0.730,10.500,5
6.600,0.500,0.040,2.100,0.068,6.000,14.000,0.996,3.390,0.640,9.400,6
7.500,0.580,0.200,2.000,0.073,34.000,44.000,0.995,3.100,0.430,9.300,5
9.100,0.470,0.490,2.600,0.094,38.000,106.000,0.998,3.080,0.590,9.100,5
9.300,0.320,0.570,2.000,0.074,27.000,65.000,0.997,3.280,0.790,10.700,5
8.000,0.180,0.370,0.900,0.049,36.000,109.000,0.990,2.890,0.440,12.700,6
7.600,0.490,0.330,1.900,0.074,27.000,85.000,0.997,3.410,0.580,9.000,5
8.800,0.330,0.410,5.900,0.073,7.000,13.000,0.997,3.300,0.620,12.100,7
11.100,0.310,0.530,2.200,0.060,3.000,10.000,0.996,3.020,0.830,10.900,7
6.800,0.610,0.200,1.800,0.077,11.000,65.000,0.997,3.540,0.580,9.300,5
7.200,0.415,0.360,2.000,0.081,13.000,45.000,0.997,3.480,0.640,9.200,5
8.700,0.460,0.310,2.500,0.126,24.000,64.000,0.997,3.100,0.740,9.600,5
5.600,0.500,0.090,2.300,0.049,17.000,99.000,0.994,3.630,0.630,13.000,5
6.200,0.450,0.200,1.600,0.069,3.000,15.000,0.996,3.410,0.560,9.200,5
7.000,0.600,0.300,4.500,0.068,20.000,110.000,0.999,3.300,1.170,10.200,5
8.100,0.575,0.220,2.100,0.077,12.000,65.000,0.997,3.290,0.510,9.200,5
7.800,0.550,0.000,1.700,0.070,7.000,17.000,0.997,3.260,0.640,9.400,6
9.500,0.460,0.490,6.300,0.064,5.000,17.000,0.999,3.210,0.730,11.000,6
10.400,0.440,0.420,1.500,0.145,34.000,48.000,0.998,3.380,0.860,9.900,3
10.600,0.280,0.390,15.500,0.069,6.000,23.000,1.003,3.120,0.660,9.200,5
7.800,0.630,0.480,1.700,0.100,14.000,96.000,0.996,3.190,0.620,9.500,5
7.700,0.530,0.060,1.700,0.074,9.000,39.000,0.996,3.350,0.480,9.800,6
10.300,0.410,0.420,2.400,0.213,6.000,14.000,0.999,3.190,0.620,9.500,6
12.500,0.380,0.600,2.600,0.081,31.000,72.000,1.000,3.100,0.730,10.500,5
10.600,0.500,0.450,2.600,0.119,34.000,68.000,0.997,3.230,0.720,10.900,6
7.900,0.650,0.010,2.500,0.078,17.000,38.000,0.996,3.340,0.740,11.700,7
7.900,0.660,0.000,1.400,0.096,6.000,13.000,0.996,3.430,0.580,9.500,5
7.000,0.500,0.250,2.000,0.070,3.000,22.000,0.996,3.250,0.630,9.200,5
11.700,0.280,0.470,1.700,0.054,17.000,32.000,0.997,3.150,0.670,10.600,7
8.000,0.300,0.630,1.600,0.081,16.000,29.000,0.996,3.300,0.780,10.800,6
8.200,0.590,0.000,2.500,0.093,19.000,58.000,1.000,3.500,0.650,9.300,6
8.900,0.840,0.340,1.400,0.050,4.000,10.000,0.996,3.120,0.480,9.100,6
7.900,0.340,0.420,2.000,0.086,8.000,19.000,0.995,3.350,0.600,11.400,6
6.600,0.840,0.030,2.300,0.059,32.000,48.000,0.995,3.520,0.560,12.300,7
8.100,0.545,0.180,1.900,0.080,13.000,35.000,0.997,3.300,0.590,9.000,6
10.400,0.410,0.550,3.200,0.076,22.000,54.000,1.000,3.150,0.890,9.900,6
9.700,0.320,0.540,2.500,0.094,28.000,83.000,0.998,3.280,0.820,9.600,5
7.200,0.370,0.320,2.000,0.062,15.000,28.000,0.995,3.230,0.730,11.300,7
5.600,0.660,0.000,2.200,0.087,3.000,11.000,0.994,3.710,0.630,12.800,7
7.200,0.370,0.320,2.000,0.062,15.000,28.000,0.995,3.230,0.730,11.300,7
8.300,0.705,0.120,2.600,0.092,12.000,28.000,0.999,3.510,0.720,10.000,5
8.200,0.885,0.200,1.400,0.086,7.000,31.000,0.995,3.110,0.460,10.000,5
7.500,0.510,0.020,1.700,0.084,13.000,31.000,0.995,3.360,0.540,10.500,6
7.600,0.790,0.210,2.300,0.087,21.000,68.000,0.996,3.120,0.440,9.200,5
7.100,0.480,0.280,2.800,0.068,6.000,16.000,0.997,3.240,0.530,10.300,5
8.800,0.700,0.000,1.700,0.069,8.000,19.000,0.997,3.310,0.530,10.000,6
7.000,0.450,0.340,2.700,0.082,16.000,72.000,0.998,3.550,0.600,9.500,5
7.800,0.460,0.260,1.900,0.088,23.000,53.000,0.998,3.430,0.740,9.200,6
7.200,0.630,0.000,1.900,0.097,14.000,38.000,0.997,3.370,0.580,9.000,6
6.700,0.460,0.240,1.700,0.077,18.000,34.000,0.995,3.390,0.600,10.600,6
7.900,0.350,0.460,3.600,0.078,15.000,37.000,0.997,3.350,0.860,12.800,8
10.300,0.530,0.480,2.500,0.063,6.000,25.000,1.000,3.120,0.590,9.300,6
6.900,0.580,0.010,1.900,0.080,40.000,54.000,0.997,3.400,0.730,9.700,5
7.800,0.560,0.120,2.000,0.082,7.000,28.000,0.997,3.370,0.500,9.400,6
7.000,0.600,0.300,4.500,0.068,20.000,110.000,0.999,3.300,1.170,10.200,5
8.200,0.730,0.210,1.700,0.074,5.000,13.000,0.997,3.200,0.520,9.500,5
7.300,0.660,0.000,2.000,0.084,6.000,23.000,0.998,3.610,0.960,9.900,6
9.100,0.370,0.320,2.100,0.064,4.000,15.000,0.996,3.300,0.800,11.200,6
6.900,0.450,0.110,2.400,0.043,6.000,12.000,0.994,3.300,0.650,11.400,6
7.700,0.670,0.230,2.100,0.088,17.000,96.000,0.996,3.320,0.480,9.500,5
5.000,1.020,0.040,1.400,0.045,41.000,85.000,0.994,3.750,0.480,10.500,4
8.500,0.470,0.270,1.900,0.058,18.000,38.000,0.995,3.160,0.850,11.100,6
6.900,0.605,0.120,10.700,0.073,40.000,83.000,0.999,3.450,0.520,9.400,6
9.400,0.500,0.340,3.600,0.082,5.000,14.000,0.999,3.290,0.520,10.700,6
10.900,0.320,0.520,1.800,0.132,17.000,44.000,0.997,3.280,0.770,11.500,6
8.600,0.530,0.220,2.000,0.100,7.000,27.000,0.997,3.200,0.560,10.200,6
9.500,0.735,0.100,2.100,0.079,6.000,31.000,0.999,3.230,0.560,10.100,6
9.400,0.685,0.260,2.400,0.082,23.000,143.000,0.998,3.280,0.550,9.400,5
8.000,0.430,0.360,2.300,0.075,10.000,48.000,0.998,3.340,0.460,9.400,5
10.000,0.260,0.540,1.900,0.083,42.000,74.000,0.995,2.980,0.630,11.800,8
8.500,0.400,0.400,6.300,0.050,3.000,10.000,0.996,3.280,0.560,12.000,4
7.400,0.700,0.000,1.900,0.076,11.000,34.000,0.998,3.510,0.560,9.400,5
8.000,1.180,0.210,1.900,0.083,14.000,41.000,0.995,3.340,0.470,10.500,5
6.800,0.620,0.080,1.900,0.068,28.000,38.000,0.997,3.420,0.820,9.500,6
6.800,0.785,0.000,2.400,0.104,14.000,30.000,0.997,3.520,0.550,10.700,6
6.300,0.300,0.480,1.800,0.069,18.000,61.000,0.996,3.440,0.780,10.300,6
8.900,0.120,0.450,1.800,0.075,10.000,21.000,0.996,3.410,0.760,11.900,7
7.400,0.500,0.470,2.000,0.086,21.000,73.000,0.997,3.360,0.570,9.100,5
9.200,0.630,0.210,2.700,0.097,29.000,65.000,0.999,3.280,0.580,9.600,5
8.900,0.745,0.180,2.500,0.077,15.000,48.000,0.997,3.200,0.470,9.700,6
10.800,0.400,0.410,2.200,0.084,7.000,17.000,0.998,3.080,0.670,9.300,6
6.100,0.530,0.080,1.900,0.077,24.000,45.000,0.995,3.600,0.680,10.300,6
7.300,0.400,0.300,1.700,0.080,33.000,79.000,0.997,3.410,0.650,9.500,6
8.000,0.670,0.300,2.000,0.060,38.000,62.000,0.996,3.260,0.560,10.200,6
7.100,0.590,0.020,2.300,0.082,24.000,94.000,0.997,3.550,0.530,9.700,6
7.600,0.630,0.030,2.000,0.080,27.000,43.000,0.996,3.440,0.640,10.900,6
9.900,0.540,0.450,2.300,0.071,16.000,40.000,0.999,3.390,0.620,9.400,5
7.500,0.420,0.320,2.700,0.067,7.000,25.000,0.996,3.240,0.440,10.400,5
7.500,0.710,0.000,1.600,0.092,22.000,31.000,0.996,3.380,0.580,10.000,6
7.700,0.580,0.010,1.800,0.088,12.000,18.000,0.996,3.320,0.560,10.500,7
6.900,0.410,0.310,2.000,0.079,21.000,51.000,0.997,3.470,0.550,9.500,6
8.800,0.955,0.050,1.800,0.075,5.000,19.000,0.996,3.300,0.440,9.600,4
7.700,0.690,0.050,2.700,0.075,15.000,27.000,0.997,3.260,0.610,9.100,5
7.400,0.640,0.070,1.800,0.100,8.000,23.000,0.996,3.300,0.580,9.600,5
7.400,0.965,0.000,2.200,0.088,16.000,32.000,0.998,3.580,0.670,10.200,5
7.300,0.735,0.000,2.200,0.080,18.000,28.000,0.998,3.410,0.600,9.400,5
7.200,0.490,0.240,2.200,0.070,5.000,36.000,0.996,3.330,0.480,9.400,5
6.300,0.360,0.190,3.200,0.075,15.000,39.000,0.996,3.560,0.520,12.700,6
7.600,0.780,0.000,1.700,0.076,33.000,45.000,0.996,3.310,0.620,10.700,6
7.700,0.660,0.040,1.600,0.039,4.000,9.000,0.996,3.400,0.470,9.400,5
7.500,0.755,0.000,1.900,0.084,6.000,12.000,0.997,3.340,0.490,9.700,4
7.500,0.270,0.340,2.300,0.050,4.000,8.000,0.995,3.400,0.640,11.000,7
7.900,0.570,0.310,2.000,0.079,10.000,79.000,0.997,3.290,0.690,9.500,6
5.900,0.190,0.210,1.700,0.045,57.000,135.000,0.993,3.320,0.440,9.500,5
7.500,0.520,0.160,1.900,0.085,12.000,35.000,0.997,3.380,0.620,9.500,7
7.700,0.270,0.680,3.500,0.358,5.000,10.000,0.997,3.250,1.080,9.900,7
8.000,0.420,0.320,2.500,0.080,26.000,122.000,0.998,3.220,1.070,9.700,5
8.300,0.430,0.300,3.400,0.079,7.000,34.000,0.998,3.360,0.610,10.500,5
6.600,0.725,0.200,7.800,0.073,29.000,79.000,0.998,3.290,0.540,9.200,5
7.200,0.630,0.000,1.900,0.097,14.000,38.000,0.997,3.370,0.580,9.000,6
8.600,0.645,0.250,2.000,0.083,8.000,28.000,0.998,3.280,0.600,10.000,6
8.100,0.670,0.550,1.800,0.117,32.000,141.000,0.997,3.170,0.620,9.400,5
6.200,0.570,0.100,2.100,0.048,4.000,11.000,0.994,3.440,0.760,10.800,6
7.400,0.550,0.220,2.200,0.106,12.000,72.000,0.996,3.050,0.630,9.200,5
6.200,0.580,0.000,1.600,0.065,8.000,18.000,0.997,3.560,0.840,9.400,5
8.800,0.550,0.040,2.200,0.119,14.000,56.000,0.996,3.210,0.600,10.900,6
7.700,0.570,0.210,1.500,0.069,4.000,9.000,0.995,3.160,0.540,9.800,6
6.200,0.700,0.150,5.100,0.076,13.000,27.000,0.996,3.540,0.600,11.900,6
10.800,0.320,0.440,1.600,0.063,16.000,37.000,0.999,3.220,0.780,10.000,6
7.200,0.390,0.320,1.800,0.065,34.000,60.000,0.997,3.460,0.780,9.900,5
11.300,0.370,0.500,1.800,0.090,20.000,47.000,0.997,3.150,0.570,10.500,5
7.200,0.480,0.070,5.500,0.089,10.000,18.000,0.997,3.370,0.680,11.200,7
7.500,0.500,0.360,6.100,0.071,17.000,102.000,0.998,3.350,0.800,10.500,5
11.900,0.390,0.690,2.800,0.095,17.000,35.000,0.999,3.100,0.610,10.800,6
7.100,0.750,0.010,2.200,0.059,11.000,18.000,0.992,3.390,0.400,12.800,6
8.200,0.430,0.290,1.600,0.081,27.000,45.000,0.996,3.250,0.540,10.300,5
7.800,0.545,0.120,2.500,0.068,11.000,35.000,0.996,3.340,0.610,11.600,6
8.000,0.570,0.230,3.200,0.073,17.000,119.000,0.997,3.260,0.570,9.300,5
8.400,0.310,0.290,3.100,0.194,14.000,26.000,0.995,3.220,0.780,12.000,6
9.900,0.490,0.580,3.500,0.094,9.000,43.000,1.000,3.290,0.580,9.000,5
9.600,0.380,0.310,2.500,0.096,16.000,49.000,0.998,3.190,0.700,10.000,7
6.100,0.640,0.020,2.400,0.069,26.000,46.000,0.994,3.470,0.450,11.000,5
7.000,0.690,0.000,1.900,0.114,3.000,10.000,0.996,3.350,0.600,9.700,6
15.600,0.645,0.490,4.200,0.095,10.000,23.000,1.003,2.920,0.740,11.100,5
7.400,0.520,0.130,2.400,0.078,34.000,61.000,0.995,3.430,0.590,10.800,6
8.600,0.470,0.270,2.300,0.055,14.000,28.000,0.995,3.180,0.800,11.200,5
8.700,0.780,0.510,1.700,0.415,12.000,66.000,0.996,3.000,1.170,9.200,5
6.600,0.500,0.000,1.800,0.062,21.000,28.000,0.994,3.440,0.550,12.300,6
9.200,0.430,0.520,2.300,0.083,14.000,23.000,0.998,3.350,0.610,11.300,6
7.100,0.310,0.300,2.200,0.053,36.000,127.000,0.997,2.940,1.620,9.500,5
9.100,0.775,0.220,2.200,0.079,12.000,48.000,0.998,3.180,0.510,9.600,5
7.600,0.350,0.600,2.600,0.073,23.000,44.000,0.997,3.380,0.790,11.100,6
5.200,0.340,0.000,1.800,0.050,27.000,63.000,0.992,3.680,0.790,14.000,6
10.400,0.440,0.730,6.550,0.074,38.000,76.000,0.999,3.170,0.850,12.000,7
8.400,0.620,0.120,1.800,0.072,38.000,46.000,0.995,3.380,0.890,11.800,6
9.000,0.785,0.240,1.700,0.078,10.000,21.000,0.997,3.290,0.670,10.000,5
9.000,0.690,0.000,2.400,0.088,19.000,38.000,0.999,3.350,0.600,9.300,5
5.300,0.470,0.110,2.200,0.048,16.000,89.000,0.992,3.540,0.880,13.567,7
6.800,0.560,0.220,1.800,0.074,15.000,24.000,0.994,3.400,0.820,11.200,6
8.900,0.875,0.130,3.450,0.088,4.000,14.000,0.999,3.440,0.520,11.500,5
11.200,0.500,0.740,5.150,0.100,5.000,17.000,1.000,3.220,0.620,11.200,5
7.500,0.520,0.420,2.300,0.087,8.000,38.000,0.997,3.580,0.610,10.500,6
7.400,0.250,0.290,2.200,0.054,19.000,49.000,0.997,3.400,0.760,10.900,7
7.000,0.650,0.020,2.100,0.066,8.000,25.000,0.997,3.470,0.670,9.500,6
6.800,0.810,0.050,2.000,0.070,6.000,14.000,0.996,3.510,0.660,10.800,6
8.300,0.530,0.000,1.400,0.070,6.000,14.000,0.996,3.250,0.640,10.000,6
5.100,0.510,0.180,2.100,0.042,16.000,101.000,0.992,3.460,0.870,12.900,7
7.000,0.510,0.090,2.100,0.062,4.000,9.000,0.996,3.350,0.540,10.500,5
5.400,0.740,0.090,1.700,0.089,16.000,26.000,0.994,3.670,0.560,11.600,6
7.300,0.650,0.000,1.200,0.065,15.000,21.000,0.995,3.390,0.470,10.000,7
9.100,0.500,0.300,1.900,0.065,8.000,17.000,0.998,3.320,0.710,10.500,6
11.300,0.340,0.450,2.000,0.082,6.000,15.000,0.999,2.940,0.660,9.200,6
10.200,0.230,0.370,2.200,0.057,14.000,36.000,0.996,3.230,0.490,9.300,4
10.500,0.420,0.660,2.950,0.116,12.000,29.000,0.997,3.240,0.750,11.700,7
8.500,0.660,0.200,2.100,0.097,23.000,113.000,0.997,3.130,0.480,9.200,5
6.500,0.460,0.140,2.400,0.114,9.000,37.000,0.997,3.660,0.650,9.800,5
7.700,0.965,0.100,2.100,0.112,11.000,22.000,0.996,3.260,0.500,9.500,5
10.700,0.460,0.390,2.000,0.061,7.000,15.000,0.998,3.180,0.620,9.500,5
7.000,0.690,0.070,2.500,0.091,15.000,21.000,0.996,3.380,0.600,11.300,6
10.400,0.260,0.480,1.900,0.066,6.000,10.000,0.997,3.330,0.870,10.900,6
8.200,0.310,0.400,2.200,0.058,6.000,10.000,0.995,3.310,0.680,11.200,7
10.900,0.320,0.520,1.800,0.132,17.000,44.000,0.997,3.280,0.770,11.500,6
7.000,0.430,0.300,2.000,0.085,6.000,39.000,0.993,3.330,0.460,11.900,6
7.700,0.410,0.760,1.800,0.611,8.000,45.000,0.997,3.060,1.260,9.400,5
9.900,0.350,0.380,1.500,0.058,31.000,47.000,0.997,3.260,0.820,10.600,7
7.100,0.600,0.010,2.300,0.079,24.000,37.000,0.995,3.400,0.610,10.900,6
9.100,0.280,0.480,1.800,0.067,26.000,46.000,0.997,3.320,1.040,10.600,6
7.300,0.430,0.240,2.500,0.078,27.000,67.000,0.996,3.600,0.590,11.100,6
8.800,0.520,0.340,2.700,0.087,24.000,122.000,0.998,3.260,0.610,9.500,5
5.200,0.340,0.000,1.800,0.050,27.000,63.000,0.992,3.680,0.790,14.000,6
10.400,0.640,0.240,2.800,0.105,29.000,53.000,1.000,3.240,0.670,9.900,5
7.200,0.360,0.460,2.100,0.074,24.000,44.000,0.995,3.400,0.850,11.000,7
8.500,0.370,0.200,2.800,0.090,18.000,58.000,0.998,3.340,0.700,9.600,6
6.500,0.885,0.000,2.300,0.166,6.000,12.000,0.996,3.560,0.510,10.800,5
6.800,0.670,0.150,1.800,0.118,13.000,20.000,0.995,3.420,0.670,11.300,6
12.600,0.310,0.720,2.200,0.072,6.000,29.000,0.999,2.880,0.820,9.800,8
11.900,0.380,0.490,2.700,0.098,12.000,42.000,1.000,3.160,0.610,10.300,5
8.000,0.715,0.220,2.300,0.075,13.000,81.000,0.997,3.240,0.540,9.500,6
8.900,0.590,0.500,2.000,0.337,27.000,81.000,0.996,3.040,1.610,9.500,6
6.600,0.725,0.090,5.500,0.117,9.000,17.000,0.997,3.350,0.490,10.800,6
7.700,0.430,0.250,2.600,0.073,29.000,63.000,0.996,3.370,0.580,10.500,6
8.300,0.850,0.140,2.500,0.093,13.000,54.000,0.997,3.360,0.540,10.100,5
7.500,0.570,0.020,2.600,0.077,11.000,35.000,0.996,3.360,0.620,10.800,6
11.600,0.440,0.640,2.100,0.059,5.000,15.000,0.998,3.210,0.670,10.200,6
8.900,0.750,0.140,2.500,0.086,9.000,30.000,0.998,3.340,0.640,10.500,5
8.300,0.625,0.200,1.500,0.080,27.000,119.000,0.997,3.160,1.120,9.100,4
6.900,0.490,0.100,2.300,0.074,12.000,30.000,0.996,3.420,0.580,10.200,6
12.600,0.410,0.540,2.800,0.103,19.000,41.000,0.999,3.210,0.760,11.300,6
6.400,0.795,0.000,2.200,0.065,28.000,52.000,0.994,3.490,0.520,11.600,5
8.300,0.260,0.370,1.400,0.076,8.000,23.000,0.997,3.260,0.700,9.600,6
8.200,0.730,0.210,1.700,0.074,5.000,13.000,0.997,3.200,0.520,9.500,5
5.100,0.420,0.000,1.800,0.044,18.000,88.000,0.992,3.680,0.730,13.600,7
15.500,0.645,0.490,4.200,0.095,10.000,23.000,1.003,2.920,0.740,11.100,5
7.500,0.630,0.120,5.100,0.111,50.000,110.000,0.998,3.260,0.770,9.400,5
6.600,0.500,0.010,1.500,0.060,17.000,26.000,0.995,3.400,0.580,9.800,6
7.100,0.660,0.000,2.400,0.052,6.000,11.000,0.993,3.350,0.660,12.700,7
7.400,0.610,0.010,2.000,0.074,13.000,38.000,0.997,3.480,0.650,9.800,5
7.000,0.540,0.000,2.100,0.079,39.000,55.000,0.996,3.390,0.840,11.400,6
6.700,0.540,0.130,2.000,0.076,15.000,36.000,0.997,3.610,0.640,9.800,5
10.400,0.340,0.580,3.700,0.174,6.000,16.000,0.997,3.190,0.700,11.300,6
10.300,0.340,0.520,2.800,0.159,15.000,75.000,1.000,3.180,0.640,9.400,5
11.200,0.670,0.550,2.300,0.084,6.000,13.000,1.000,3.170,0.710,9.500,6
7.800,0.870,0.260,3.800,0.107,31.000,67.000,0.997,3.260,0.460,9.200,5
10.500,0.240,0.420,1.800,0.077,6.000,22.000,0.998,3.210,1.050,10.800,7
7.700,0.640,0.210,2.200,0.077,32.000,133.000,0.996,3.270,0.450,9.900,5
13.800,0.490,0.670,3.000,0.093,6.000,15.000,0.999,3.020,0.930,12.000,6
8.200,0.240,0.340,5.100,0.062,8.000,22.000,0.997,3.220,0.940,10.900,6
7.800,0.540,0.260,2.000,0.088,23.000,48.000,0.998,3.410,0.740,9.200,6
7.700,0.580,0.010,1.800,0.088,12.000,18.000,0.996,3.320,0.560,10.500,7
7.200,0.630,0.030,2.200,0.080,17.000,88.000,0.997,3.530,0.580,9.800,6
7.800,0.570,0.090,2.300,0.065,34.000,45.000,0.994,3.460,0.740,12.700,8
7.500,0.380,0.570,2.300,0.106,5.000,12.000,0.996,3.360,0.550,11.400,6
9.600,0.680,0.240,2.200,0.087,5.000,28.000,0.999,3.140,0.600,10.200,5
5.000,0.400,0.500,4.300,0.046,29.000,80.000,0.990,3.490,0.660,13.600,6
15.900,0.360,0.650,7.500,0.096,22.000,71.000,0.998,2.980,0.840,14.900,5
8.000,0.420,0.170,2.000,0.073,6.000,18.000,0.997,3.290,0.610,9.200,6
5.700,1.130,0.090,1.500,0.172,7.000,19.000,0.994,3.500,0.480,9.800,4
8.000,0.430,0.360,2.300,0.075,10.000,48.000,0.998,3.340,0.460,9.400,5
7.900,0.520,0.260,1.900,0.079,42.000,140.000,0.996,3.230,0.540,9.500,5
6.500,0.630,0.330,1.800,0.059,16.000,28.000,0.995,3.360,0.640,10.100,6
8.800,0.310,0.400,2.800,0.109,7.000,16.000,0.996,3.310,0.790,11.800,7
7.500,0.770,0.200,8.100,0.098,30.000,92.000,0.999,3.200,0.580,9.200,5
6.800,0.480,0.080,1.800,0.074,40.000,64.000,0.995,3.120,0.490,9.600,5
7.200,0.695,0.130,2.000,0.076,12.000,20.000,0.995,3.290,0.540,10.100,5
8.700,0.690,0.310,3.000,0.086,23.000,81.000,1.000,3.480,0.740,11.600,6
12.400,0.490,0.580,3.000,0.103,28.000,99.000,1.001,3.160,1.000,11.500,6
7.100,0.710,0.000,1.900,0.080,14.000,35.000,0.997,3.470,0.550,9.400,5
7.600,0.420,0.250,3.900,0.104,28.000,90.000,0.998,3.150,0.570,9.100,5
6.600,0.580,0.020,2.000,0.062,37.000,53.000,0.994,3.350,0.760,11.600,7
10.200,0.440,0.420,2.000,0.071,7.000,20.000,0.996,3.140,0.790,11.100,7
7.500,0.705,0.240,1.800,0.360,15.000,63.000,0.996,3.000,1.590,9.500,5
10.000,0.460,0.440,2.900,0.065,4.000,8.000,0.997,3.330,0.620,12.200,6
9.200,0.410,0.500,2.500,0.055,12.000,25.000,0.995,3.340,0.790,13.300,7
10.200,0.340,0.480,2.100,0.052,5.000,9.000,0.995,3.200,0.690,12.100,7
8.100,0.820,0.000,4.100,0.095,5.000,14.000,0.999,3.360,0.530,9.600,5
7.300,0.730,0.240,1.900,0.108,18.000,102.000,0.997,3.260,0.590,9.300,5
8.300,0.650,0.100,2.900,0.089,17.000,40.000,0.998,3.290,0.550,9.500,5
12.000,0.500,0.590,1.400,0.073,23.000,42.000,0.998,2.920,0.680,10.500,7
8.200,1.000,0.090,2.300,0.065,7.000,37.000,0.997,3.320,0.550,9.000,6
7.300,0.835,0.030,2.100,0.092,10.000,19.000,0.997,3.390,0.470,9.600,5
9.700,0.420,0.460,2.100,0.074,5.000,16.000,0.996,3.270,0.740,12.300,6
7.500,0.610,0.260,1.900,0.073,24.000,88.000,0.996,3.300,0.530,9.800,5
6.600,0.610,0.010,1.900,0.080,8.000,25.000,0.997,3.690,0.730,10.500,5
8.000,0.330,0.530,2.500,0.091,18.000,80.000,0.998,3.370,0.800,9.600,6
9.800,0.500,0.490,2.600,0.250,5.000,20.000,0.999,3.310,0.790,10.700,6
7.200,0.340,0.240,2.000,0.071,30.000,52.000,0.996,3.440,0.580,10.100,5
8.300,0.280,0.480,2.100,0.093,6.000,12.000,0.994,3.260,0.620,12.400,7
9.300,0.490,0.360,1.700,0.081,3.000,14.000,0.997,3.270,0.780,10.900,6
9.100,0.250,0.340,2.000,0.071,45.000,67.000,0.998,3.440,0.860,10.200,7
8.800,0.610,0.190,4.000,0.094,30.000,69.000,0.998,3.220,0.500,10.000,6
8.200,0.440,0.240,2.300,0.063,10.000,28.000,0.996,3.250,0.530,10.200,6
9.300,0.430,0.440,1.900,0.085,9.000,22.000,0.997,3.280,0.550,9.500,5
7.700,0.560,0.200,2.000,0.075,9.000,39.000,0.999,3.480,0.620,9.300,5
7.600,0.460,0.110,2.600,0.079,12.000,49.000,0.997,3.210,0.570,10.000,5
7.000,0.230,0.400,1.600,0.063,21.000,67.000,0.995,3.500,0.630,11.100,5
12.500,0.560,0.490,2.400,0.064,5.000,27.000,1.000,3.080,0.870,10.900,5
8.800,0.410,0.640,2.200,0.093,9.000,42.000,0.999,3.540,0.660,10.500,5
5.300,0.570,0.010,1.700,0.054,5.000,27.000,0.993,3.570,0.840,12.500,7
12.000,0.370,0.760,4.200,0.066,7.000,38.000,1.000,3.220,0.600,13.000,7
7.300,0.380,0.210,2.000,0.080,7.000,35.000,0.996,3.330,0.470,9.500,5
8.900,0.500,0.210,2.200,0.088,21.000,39.000,0.997,3.330,0.830,11.100,6
8.000,0.520,0.250,2.000,0.078,19.000,59.000,0.996,3.300,0.480,10.200,5
7.000,0.690,0.070,2.500,0.091,15.000,21.000,0.996,3.380,0.600,11.300,6
10.200,0.410,0.430,2.200,0.110,11.000,37.000,0.997,3.160,0.670,10.800,5
8.900,0.595,0.410,7.900,0.086,30.000,109.000,1.000,3.270,0.570,9.300,5
7.700,0.690,0.490,1.800,0.115,20.000,112.000,0.997,3.210,0.710,9.300,5
7.300,0.350,0.240,2.000,0.067,28.000,48.000,0.996,3.430,0.540,10.000,4
9.100,0.400,0.570,4.600,0.080,6.000,20.000,0.997,3.280,0.570,12.500,6
6.900,0.740,0.030,2.300,0.054,7.000,16.000,0.995,3.450,0.630,11.500,6
10.300,0.320,0.450,6.400,0.073,5.000,13.000,0.998,3.230,0.820,12.600,8
7.800,0.600,0.140,2.400,0.086,3.000,15.000,0.998,3.420,0.600,10.800,6
7.200,0.570,0.060,1.600,0.076,9.000,27.000,0.997,3.360,0.700,9.600,6
6.900,0.630,0.020,1.900,0.078,18.000,30.000,0.997,3.400,0.750,9.800,5
6.800,0.680,0.210,2.100,0.070,9.000,23.000,0.995,3.380,0.600,10.300,5
8.400,0.590,0.290,2.600,0.109,31.000,119.000,0.998,3.150,0.500,9.100,5
9.000,0.460,0.230,2.800,0.092,28.000,104.000,0.998,3.100,0.560,9.200,5
6.400,0.370,0.250,1.900,0.074,21.000,49.000,0.997,3.570,0.620,9.800,6
8.400,0.620,0.120,1.800,0.072,38.000,46.000,0.995,3.380,0.890,11.800,6
8.900,0.590,0.390,2.300,0.095,5.000,22.000,0.999,3.370,0.580,10.300,5
9.300,0.410,0.390,2.200,0.064,12.000,31.000,0.998,3.260,0.650,10.200,5
9.000,0.580,0.250,2.800,0.075,9.000,104.000,0.998,3.230,0.570,9.700,5
6.900,0.580,0.200,1.750,0.058,8.000,22.000,0.993,3.380,0.490,11.700,5
6.400,0.570,0.020,1.800,0.067,4.000,11.000,0.997,3.460,0.680,9.500,5
7.100,0.735,0.160,1.900,0.100,15.000,77.000,0.997,3.270,0.640,9.300,5
8.000,0.310,0.450,2.100,0.216,5.000,16.000,0.994,3.150,0.810,12.500,7
7.100,0.460,0.140,2.800,0.076,15.000,37.000,0.996,3.360,0.490,10.700,5
9.600,0.600,0.500,2.300,0.079,28.000,71.000,1.000,3.500,0.570,9.700,5
7.800,0.560,0.190,1.800,0.104,12.000,47.000,0.996,3.190,0.930,9.500,5
7.000,0.580,0.120,1.900,0.091,34.000,124.000,0.996,3.440,0.480,10.500,5
6.900,0.480,0.200,1.900,0.082,9.000,23.000,0.996,3.390,0.430,9.050,4
6.700,0.560,0.090,2.900,0.079,7.000,22.000,0.997,3.460,0.610,10.200,5
8.300,0.580,0.130,2.900,0.096,14.000,63.000,0.998,3.170,0.620,9.100,6
7.100,0.530,0.070,1.700,0.071,15.000,24.000,0.995,3.290,0.660,10.800,6
7.000,0.620,0.080,1.800,0.076,8.000,24.000,0.998,3.480,0.530,9.000,5
6.400,0.640,0.210,1.800,0.081,14.000,31.000,0.997,3.590,0.660,9.800,5
8.200,0.340,0.370,1.900,0.057,43.000,74.000,0.994,3.230,0.810,12.000,6
6.800,0.470,0.080,2.200,0.064,18.000,38.000,0.996,3.300,0.650,9.600,6
8.300,0.650,0.100,2.900,0.089,17.000,40.000,0.998,3.290,0.550,9.500,5
10.700,0.350,0.530,2.600,0.070,5.000,16.000,0.997,3.150,0.650,11.000,8
7.500,0.500,0.360,6.100,0.071,17.000,102.000,0.998,3.350,0.800,10.500,5
6.600,0.735,0.020,7.900,0.122,68.000,124.000,0.999,3.470,0.530,9.900,5
9.900,0.590,0.070,3.400,0.102,32.000,71.000,1.000,3.310,0.710,9.800,5
6.600,0.520,0.080,2.400,0.070,13.000,26.000,0.994,3.400,0.720,12.500,7
7.400,1.185,0.000,4.250,0.097,5.000,14.000,0.997,3.630,0.540,10.700,3
9.700,0.690,0.320,2.500,0.088,22.000,91.000,0.998,3.290,0.620,10.100,5
6.400,0.310,0.090,1.400,0.066,15.000,28.000,0.995,3.420,0.700,10.000,7
8.100,0.380,0.480,1.800,0.157,5.000,17.000,0.998,3.300,1.050,9.400,5
9.300,0.430,0.440,1.900,0.085,9.000,22.000,0.997,3.280,0.550,9.500,5
6.800,0.600,0.180,1.900,0.079,18.000,86.000,0.997,3.590,0.570,9.300,6
7.100,0.590,0.010,2.300,0.080,27.000,43.000,0.996,3.420,0.580,10.700,6
7.400,0.785,0.190,5.200,0.094,19.000,98.000,0.997,3.160,0.520,9.600,6
6.600,0.695,0.000,2.100,0.075,12.000,56.000,0.997,3.490,0.670,9.200,5
11.900,0.695,0.530,3.400,0.128,7.000,21.000,0.999,3.170,0.840,12.200,7
6.600,0.895,0.040,2.300,0.068,7.000,13.000,0.996,3.530,0.580,10.800,6
8.900,0.500,0.210,2.200,0.088,21.000,39.000,0.997,3.330,0.830,11.100,6
8.500,0.655,0.490,6.100,0.122,34.000,151.000,1.001,3.310,1.140,9.300,5
10.500,0.390,0.460,2.200,0.075,14.000,27.000,0.996,3.060,0.840,11.400,6
7.100,0.590,0.020,2.300,0.082,24.000,94.000,0.997,3.550,0.530,9.700,6
7.200,0.670,0.000,2.200,0.068,10.000,24.000,0.996,3.420,0.720,11.100,6
9.300,0.655,0.260,2.000,0.096,5.000,35.000,0.997,3.250,0.420,9.600,5
9.200,0.360,0.340,1.600,0.062,5.000,12.000,0.997,3.200,0.670,10.500,6
6.700,0.320,0.440,2.400,0.061,24.000,34.000,0.995,3.290,0.800,11.600,7
7.600,0.410,0.490,2.000,0.088,16.000,43.000,0.998,3.480,0.640,9.100,5
7.900,0.430,0.210,1.600,0.106,10.000,37.000,0.997,3.170,0.910,9.500,5
11.500,0.410,0.520,3.000,0.080,29.000,55.000,1.000,3.260,0.880,11.000,5
7.600,0.645,0.030,1.900,0.086,14.000,57.000,0.997,3.370,0.460,10.300,5
12.200,0.340,0.500,2.400,0.066,10.000,21.000,1.000,3.120,1.180,9.200,6
7.800,0.550,0.350,2.200,0.074,21.000,66.000,0.997,3.250,0.560,9.200,5
9.900,0.350,0.550,2.100,0.062,5.000,14.000,0.997,3.260,0.790,10.600,5
8.100,0.725,0.220,2.200,0.072,11.000,41.000,0.997,3.360,0.550,9.100,5
9.100,0.280,0.460,9.000,0.114,3.000,9.000,0.999,3.180,0.600,10.900,6
7.100,0.460,0.200,1.900,0.077,28.000,54.000,0.996,3.370,0.640,10.400,6
8.900,0.320,0.310,2.000,0.088,12.000,19.000,0.996,3.170,0.550,10.400,6
7.000,0.560,0.170,1.700,0.065,15.000,24.000,0.995,3.440,0.680,10.550,7
7.700,0.490,0.260,1.900,0.062,9.000,31.000,0.997,3.390,0.640,9.600,5
8.900,0.350,0.400,3.600,0.110,12.000,24.000,0.995,3.230,0.700,12.000,7
9.300,0.330,0.450,1.500,0.057,19.000,37.000,0.995,3.180,0.890,11.100,7
7.000,0.540,0.090,2.000,0.081,10.000,16.000,0.995,3.430,0.590,11.500,6
7.000,0.650,0.020,2.100,0.066,8.000,25.000,0.997,3.470,0.670,9.500,6
7.600,0.430,0.310,2.100,0.069,13.000,74.000,0.996,3.260,0.540,9.900,6
5.600,0.660,0.000,2.200,0.087,3.000,11.000,0.994,3.710,0.630,12.800,7
7.500,0.600,0.030,1.800,0.095,25.000,99.000,0.995,3.350,0.540,10.100,5
8.600,0.520,0.380,1.500,0.096,5.000,18.000,0.997,3.200,0.520,9.400,5
6.600,0.960,0.000,1.800,0.082,5.000,16.000,0.994,3.500,0.440,11.900,6
6.300,0.510,0.130,2.300,0.076,29.000,40.000,0.996,3.420,0.750,11.000,6
8.600,0.630,0.170,2.900,0.099,21.000,119.000,0.998,3.090,0.520,9.300,5
12.300,0.500,0.490,2.200,0.089,5.000,14.000,1.000,3.190,0.440,9.600,5
7.500,0.380,0.480,2.600,0.073,22.000,84.000,0.997,3.320,0.700,9.600,4
7.500,0.510,0.020,1.700,0.084,13.000,31.000,0.995,3.360,0.540,10.500,6
10.200,0.645,0.360,1.800,0.053,5.000,14.000,0.998,3.170,0.420,10.000,6
13.000,0.470,0.490,4.300,0.085,6.000,47.000,1.002,3.300,0.680,12.700,6
8.200,0.380,0.320,2.500,0.080,24.000,71.000,0.996,3.270,0.850,11.000,6
5.600,0.660,0.000,2.500,0.066,7.000,15.000,0.993,3.520,0.580,12.900,5
8.600,0.550,0.090,3.300,0.068,8.000,17.000,0.997,3.230,0.440,10.000,5
10.700,0.400,0.480,2.100,0.125,15.000,49.000,0.998,3.030,0.810,9.700,6
10.100,0.935,0.220,3.400,0.105,11.000,86.000,1.001,3.430,0.640,11.300,4
8.200,0.350,0.330,2.400,0.076,11.000,47.000,0.996,3.270,0.810,11.000,6
7.600,0.410,0.330,2.500,0.078,6.000,23.000,0.996,3.300,0.580,11.200,5
8.200,0.330,0.320,2.800,0.067,4.000,12.000,0.995,3.300,0.760,12.800,7
7.400,0.370,0.430,2.600,0.082,18.000,82.000,0.997,3.330,0.680,9.700,6
8.300,0.540,0.280,1.900,0.077,11.000,40.000,0.998,3.390,0.610,10.000,6
8.300,0.760,0.290,4.200,0.075,12.000,16.000,0.997,3.450,0.680,11.500,6
7.900,0.300,0.680,8.300,0.050,37.500,289.000,0.993,3.010,0.510,12.300,7
7.500,0.685,0.070,2.500,0.058,5.000,9.000,0.996,3.380,0.550,10.900,4
7.000,0.690,0.080,1.800,0.097,22.000,89.000,0.996,3.340,0.540,9.200,6
10.700,0.430,0.390,2.200,0.106,8.000,32.000,0.999,2.890,0.500,9.600,5
7.400,0.470,0.460,2.200,0.114,7.000,20.000,0.996,3.320,0.630,10.500,5
8.700,0.840,0.000,1.400,0.065,24.000,33.000,0.995,3.270,0.550,9.700,5
9.400,0.270,0.530,2.400,0.074,6.000,18.000,0.996,3.200,1.130,12.000,7
6.900,0.540,0.040,3.000,0.077,7.000,27.000,0.999,3.690,0.910,9.400,6
9.700,0.550,0.170,2.900,0.087,20.000,53.000,1.000,3.140,0.610,9.400,5
8.800,0.300,0.380,2.300,0.060,19.000,72.000,0.995,3.390,0.720,11.800,6
6.700,0.540,0.130,2.000,0.076,15.000,36.000,0.997,3.610,0.640,9.800,5
6.800,0.490,0.220,2.300,0.071,13.000,24.000,0.994,3.410,0.830,11.300,6
7.700,0.935,0.430,2.200,0.114,22.000,114.000,0.997,3.250,0.730,9.200,5
7.700,0.750,0.270,3.800,0.110,34.000,89.000,0.997,3.240,0.450,9.300,5
7.100,0.340,0.280,2.000,0.082,31.000,68.000,0.997,3.450,0.480,9.400,5
7.100,0.470,0.000,2.200,0.067,7.000,14.000,0.995,3.400,0.580,10.900,4
7.900,0.400,0.290,1.800,0.157,1.000,44.000,0.997,3.300,0.920,9.500,6
6.000,0.310,0.470,3.600,0.067,18.000,42.000,0.995,3.390,0.660,11.000,6
7.400,0.700,0.000,1.900,0.076,11.000,34.000,0.998,3.510,0.560,9.400,5
6.800,0.360,0.320,1.800,0.067,4.000,8.000,0.993,3.360,0.550,12.800,7
7.100,0.755,0.150,1.800,0.107,20.000,84.000,0.996,3.190,0.500,9.500,5
7.900,0.370,0.230,1.800,0.077,23.000,49.000,0.996,3.280,0.670,9.300,5
6.800,0.640,0.000,2.700,0.123,15.000,33.000,0.995,3.440,0.630,11.300,6
6.400,0.420,0.090,2.300,0.054,34.000,64.000,0.997,3.410,0.680,10.400,6
10.000,0.440,0.490,2.700,0.077,11.000,19.000,0.996,3.230,0.630,11.600,7
9.100,0.290,0.330,2.050,0.063,13.000,27.000,0.995,3.260,0.840,11.700,7
8.600,0.370,0.650,6.400,0.080,3.000,8.000,0.998,3.270,0.580,11.000,5
6.700,0.280,0.280,2.400,0.012,36.000,100.000,0.991,3.260,0.390,11.700,7
7.900,0.180,0.400,2.200,0.049,38.000,67.000,0.996,3.330,0.930,11.300,5
8.400,0.650,0.600,2.100,0.112,12.000,90.000,0.997,3.200,0.520,9.200,5
7.400,0.640,0.070,1.800,0.100,8.000,23.000,0.996,3.300,0.580,9.600,5
8.600,0.470,0.300,3.000,0.076,30.000,135.000,0.998,3.300,0.530,9.400,5
8.200,0.400,0.440,2.800,0.089,11.000,43.000,0.998,3.530,0.610,10.500,6
7.800,0.390,0.420,2.000,0.086,9.000,21.000,0.995,3.390,0.660,11.600,6
9.600,0.380,0.420,1.900,0.071,5.000,13.000,0.997,3.150,0.750,10.500,6
10.600,0.340,0.490,3.200,0.078,20.000,78.000,0.999,3.190,0.700,10.000,6
8.800,0.660,0.260,1.700,0.074,4.000,23.000,0.997,3.150,0.740,9.200,5
7.400,0.550,0.190,1.800,0.082,15.000,34.000,0.997,3.490,0.680,10.500,5
8.100,0.720,0.090,2.800,0.084,18.000,49.000,0.999,3.430,0.720,11.100,6
11.600,0.470,0.440,1.600,0.147,36.000,51.000,0.998,3.380,0.860,9.900,4
7.000,0.690,0.070,2.500,0.091,15.000,21.000,0.996,3.380,0.600,11.300,6
9.900,0.540,0.260,2.000,0.111,7.000,60.000,0.997,2.940,0.980,10.200,5
13.000,0.320,0.650,2.600,0.093,15.000,47.000,1.000,3.050,0.610,10.600,5
10.400,0.260,0.480,1.900,0.066,6.000,10.000,0.997,3.330,0.870,10.900,6
9.400,0.330,0.590,2.800,0.079,9.000,30.000,0.998,3.120,0.540,12.000,6
8.700,0.765,0.220,2.300,0.064,9.000,42.000,0.996,3.100,0.550,9.400,5
10.000,0.590,0.310,2.200,0.090,26.000,62.000,0.999,3.180,0.630,10.200,6
9.800,0.660,0.390,3.200,0.083,21.000,59.000,0.999,3.370,0.710,11.500,7
7.900,0.320,0.510,1.800,0.341,17.000,56.000,0.997,3.040,1.080,9.200,6
9.800,0.980,0.320,2.300,0.078,35.000,152.000,0.998,3.250,0.480,9.400,5
7.800,0.645,0.000,5.500,0.086,5.000,18.000,0.999,3.400,0.550,9.600,6
7.400,0.635,0.100,2.400,0.080,16.000,33.000,0.997,3.580,0.690,10.800,7
7.100,0.460,0.140,2.800,0.076,15.000,37.000,0.996,3.360,0.490,10.700,5
10.200,0.540,0.370,15.400,0.214,55.000,95.000,1.004,3.180,0.770,9.000,6
12.000,0.390,0.660,3.000,0.093,12.000,30.000,1.000,3.180,0.630,10.800,7
9.600,0.410,0.370,2.300,0.091,10.000,23.000,0.998,3.240,0.560,10.500,5
8.100,0.825,0.240,2.100,0.084,5.000,13.000,0.997,3.370,0.770,10.700,6
8.100,0.870,0.000,2.200,0.084,10.000,31.000,0.997,3.250,0.500,9.800,5
8.000,0.380,0.440,1.900,0.098,6.000,15.000,0.996,3.300,0.640,11.400,6
7.900,0.580,0.230,2.300,0.076,23.000,94.000,0.997,3.210,0.580,9.500,6
7.300,0.660,0.000,2.000,0.084,6.000,23.000,0.998,3.610,0.960,9.900,6
6.300,0.760,0.000,2.900,0.072,26.000,52.000,0.994,3.510,0.600,11.500,6
7.100,0.590,0.010,2.500,0.077,20.000,85.000,0.997,3.550,0.590,9.800,5
9.300,0.390,0.400,2.600,0.073,10.000,26.000,0.998,3.340,0.750,10.200,6
7.100,0.430,0.420,5.500,0.070,29.000,129.000,0.997,3.420,0.720,10.500,5
7.100,0.560,0.140,1.600,0.078,7.000,18.000,0.996,3.270,0.620,9.300,5
9.300,0.360,0.390,1.500,0.080,41.000,55.000,0.997,3.470,0.730,10.900,6
6.800,0.690,0.000,5.600,0.124,21.000,58.000,1.000,3.460,0.720,10.200,5
8.100,0.780,0.230,2.600,0.059,5.000,15.000,0.997,3.370,0.560,11.300,5
6.200,0.360,0.240,2.200,0.095,19.000,42.000,0.995,3.570,0.570,11.700,6
6.600,0.700,0.080,2.600,0.106,14.000,27.000,0.997,3.440,0.580,10.200,5
8.100,0.560,0.280,1.700,0.368,16.000,56.000,0.997,3.110,1.280,9.300,5
8.100,1.330,0.000,1.800,0.082,3.000,12.000,0.996,3.540,0.480,10.900,5
6.400,0.380,0.140,2.200,0.038,15.000,25.000,0.995,3.440,0.650,11.100,6
8.400,0.670,0.190,2.200,0.093,11.000,75.000,0.997,3.200,0.590,9.200,4
9.100,0.500,0.300,1.900,0.065,8.000,17.000,0.998,3.320,0.710,10.500,6
7.200,0.695,0.130,2.000,0.076,12.000,20.000,0.995,3.290,0.540,10.100,5
8.200,0.500,0.350,2.900,0.077,21.000,127.000,0.998,3.230,0.620,9.400,5
8.200,0.510,0.240,2.000,0.079,16.000,86.000,0.998,3.340,0.640,9.500,6
6.500,0.400,0.100,2.000,0.076,30.000,47.000,0.996,3.360,0.480,9.400,6
7.800,0.600,0.260,2.000,0.080,31.000,131.000,0.996,3.210,0.520,9.900,5
7.400,0.600,0.260,2.100,0.083,17.000,91.000,0.996,3.290,0.560,9.800,6
9.400,0.410,0.480,4.600,0.072,10.000,20.000,0.997,3.340,0.790,12.200,7
8.800,0.610,0.140,2.400,0.067,10.000,42.000,0.997,3.190,0.590,9.500,5
11.100,0.180,0.480,1.500,0.068,7.000,15.000,0.997,3.220,0.640,10.100,6
7.800,0.520,0.250,1.900,0.081,14.000,38.000,0.998,3.430,0.650,9.000,6
6.800,0.815,0.000,1.200,0.267,16.000,29.000,0.995,3.320,0.510,9.800,3
6.600,0.580,0.020,2.400,0.069,19.000,40.000,0.994,3.380,0.660,12.600,6
7.500,0.630,0.270,2.000,0.083,17.000,91.000,0.996,3.260,0.580,9.800,6
10.400,0.610,0.490,2.100,0.200,5.000,16.000,0.999,3.160,0.630,8.400,3
8.000,0.620,0.350,2.800,0.086,28.000,52.000,0.997,3.310,0.620,10.800,5
9.300,0.270,0.410,2.000,0.091,6.000,16.000,0.998,3.280,0.700,9.700,5
7.100,0.430,0.420,5.500,0.071,28.000,128.000,0.997,3.420,0.710,10.500,5
8.300,0.560,0.220,2.400,0.082,10.000,86.000,0.998,3.370,0.620,9.500,5
6.200,0.430,0.220,1.800,0.078,21.000,56.000,0.996,3.520,0.600,9.500,6
8.500,0.280,0.560,1.800,0.092,35.000,103.000,0.997,3.300,0.750,10.500,7
7.200,0.350,0.260,1.800,0.083,33.000,75.000,0.997,3.400,0.580,9.500,6
5.600,0.310,0.780,13.900,0.074,23.000,92.000,0.997,3.390,0.480,10.500,6
7.500,0.550,0.240,2.000,0.078,10.000,28.000,0.998,3.450,0.780,9.500,6
7.200,0.520,0.070,1.400,0.074,5.000,20.000,0.997,3.320,0.810,9.600,6
8.000,0.280,0.440,1.800,0.081,28.000,68.000,0.995,3.360,0.660,11.200,5
7.000,0.500,0.140,1.800,0.078,10.000,23.000,0.996,3.530,0.610,10.400,5
6.000,0.500,0.000,1.400,0.057,15.000,26.000,0.994,3.360,0.450,9.500,5
8.000,0.590,0.050,2.000,0.089,12.000,32.000,0.997,3.360,0.610,10.000,5
6.500,0.530,0.060,2.000,0.063,29.000,44.000,0.995,3.380,0.830,10.300,6
8.900,0.400,0.320,5.600,0.087,10.000,47.000,0.999,3.380,0.770,10.500,7
9.300,0.370,0.440,1.600,0.038,21.000,42.000,0.995,3.240,0.810,10.800,7
7.700,0.430,0.250,2.600,0.073,29.000,63.000,0.996,3.370,0.580,10.500,6
7.600,0.410,0.240,1.800,0.080,4.000,11.000,0.996,3.280,0.590,9.500,5
11.100,0.450,0.730,3.200,0.066,6.000,22.000,0.999,3.170,0.660,11.200,6
6.600,0.855,0.020,2.400,0.062,15.000,23.000,0.996,3.540,0.600,11.000,6
6.900,0.520,0.250,2.600,0.081,10.000,37.000,0.997,3.460,0.500,11.000,5
8.100,0.380,0.280,2.100,0.066,13.000,30.000,0.997,3.230,0.730,9.700,7
7.300,0.510,0.180,2.100,0.070,12.000,28.000,0.998,3.520,0.730,9.500,6
6.900,0.440,0.000,1.400,0.070,32.000,38.000,0.994,3.320,0.580,11.400,6
8.700,0.820,0.020,1.200,0.070,36.000,48.000,0.995,3.200,0.580,9.800,5
9.200,0.540,0.310,2.300,0.112,11.000,38.000,0.997,3.240,0.560,10.900,5
6.400,0.360,0.530,2.200,0.230,19.000,35.000,0.993,3.370,0.930,12.400,6
9.100,0.640,0.230,3.100,0.095,13.000,38.000,1.000,3.280,0.590,9.700,5
7.300,0.980,0.050,2.100,0.061,20.000,49.000,0.997,3.310,0.550,9.700,3
8.900,0.290,0.350,1.900,0.067,25.000,57.000,0.997,3.180,1.360,10.300,6
5.200,0.490,0.260,2.300,0.090,23.000,74.000,0.995,3.710,0.620,12.200,6
8.200,0.400,0.310,1.900,0.082,8.000,24.000,0.996,3.240,0.690,10.600,6
6.700,0.410,0.430,2.800,0.076,22.000,54.000,0.996,3.420,1.160,10.600,6
7.400,0.600,0.260,2.100,0.083,17.000,91.000,0.996,3.290,0.560,9.800,6
5.200,0.645,0.000,2.150,0.080,15.000,28.000,0.994,3.780,0.610,12.500,6
11.700,0.450,0.630,2.200,0.073,7.000,23.000,1.000,3.210,0.690,10.900,6
7.200,0.610,0.080,4.000,0.082,26.000,108.000,0.996,3.250,0.510,9.400,5
7.600,0.950,0.030,2.000,0.090,7.000,20.000,0.996,3.200,0.560,9.600,5
9.000,0.360,0.520,2.100,0.111,5.000,10.000,0.996,3.310,0.620,11.300,6
6.600,0.800,0.030,7.800,0.079,6.000,12.000,0.996,3.520,0.500,12.200,5
4.900,0.420,0.000,2.100,0.048,16.000,42.000,0.992,3.710,0.740,14.000,7
7.600,0.645,0.030,1.900,0.086,14.000,57.000,0.997,3.370,0.460,10.300,5
7.700,0.715,0.010,2.100,0.064,31.000,43.000,0.994,3.410,0.570,11.800,6
9.400,0.395,0.460,4.600,0.094,3.000,10.000,0.996,3.270,0.640,12.200,7
7.500,0.600,0.030,1.800,0.095,25.000,99.000,0.995,3.350,0.540,10.100,5
6.800,0.590,0.100,1.700,0.063,34.000,53.000,0.996,3.410,0.670,9.700,5
13.300,0.290,0.750,2.800,0.084,23.000,43.000,0.999,3.040,0.680,11.400,7
8.000,0.250,0.430,1.700,0.067,22.000,50.000,0.995,3.380,0.600,11.900,6
7.100,0.600,0.010,2.300,0.079,24.000,37.000,0.995,3.400,0.610,10.900,6
6.200,0.510,0.140,1.900,0.056,15.000,34.000,0.994,3.480,0.570,11.500,6
8.100,0.575,0.220,2.100,0.077,12.000,65.000,0.997,3.290,0.510,9.200,5
11.100,0.310,0.490,2.700,0.094,16.000,47.000,0.999,3.120,1.020,10.600,7
6.500,0.530,0.060,2.000,0.063,29.000,44.000,0.995,3.380,0.830,10.300,6
7.000,0.220,0.300,1.800,0.065,16.000,20.000,0.997,3.610,0.820,10.000,6
8.600,0.380,0.360,3.000,0.081,30.000,119.000,0.997,3.200,0.560,9.400,5
9.200,0.520,1.000,3.400,0.610,32.000,69.000,1.000,2.740,2.000,9.400,4
11.400,0.600,0.490,2.700,0.085,10.000,41.000,0.999,3.150,0.630,10.500,6
7.100,0.680,0.000,2.300,0.087,17.000,26.000,0.998,3.450,0.530,9.500,5
7.800,0.570,0.310,1.800,0.069,26.000,120.000,0.996,3.290,0.530,9.300,5
7.900,0.180,0.400,1.800,0.062,7.000,20.000,0.994,3.280,0.700,11.100,5
6.300,0.470,0.000,1.400,0.055,27.000,33.000,0.992,3.450,0.480,12.300,6
7.900,0.690,0.210,2.100,0.080,33.000,141.000,0.996,3.250,0.510,9.900,5
7.800,0.580,0.020,2.000,0.073,9.000,18.000,0.997,3.360,0.570,9.500,7
8.000,0.580,0.160,2.000,0.120,3.000,7.000,0.995,3.220,0.580,11.200,6
6.100,0.400,0.160,1.800,0.069,11.000,25.000,0.996,3.420,0.740,10.100,7
11.600,0.230,0.570,1.800,0.074,3.000,8.000,0.998,3.140,0.700,9.900,6
6.800,0.560,0.030,1.700,0.084,18.000,35.000,0.997,3.440,0.630,10.000,6
7.700,0.775,0.420,1.900,0.092,8.000,86.000,0.996,3.230,0.590,9.500,5
6.700,0.460,0.240,1.700,0.077,18.000,34.000,0.995,3.390,0.600,10.600,6
8.300,0.310,0.390,2.400,0.078,17.000,43.000,0.994,3.310,0.770,12.500,7
8.000,0.640,0.220,2.400,0.094,5.000,33.000,0.996,3.370,0.580,11.000,5
9.200,0.560,0.180,1.600,0.078,10.000,21.000,0.996,3.150,0.490,9.900,5
7.500,0.380,0.570,2.300,0.106,5.000,12.000,0.996,3.360,0.550,11.400,6
7.900,0.510,0.250,2.900,0.077,21.000,45.000,0.997,3.490,0.960,12.100,6
7.000,0.685,0.000,1.900,0.067,40.000,63.000,0.998,3.600,0.810,9.900,5
5.400,0.580,0.080,1.900,0.059,20.000,31.000,0.995,3.500,0.640,10.200,6
8.000,0.520,0.030,1.700,0.070,10.000,35.000,0.996,3.340,0.570,10.000,5
5.000,0.740,0.000,1.200,0.041,16.000,46.000,0.993,4.010,0.590,12.500,6
7.300,0.330,0.470,2.100,0.077,5.000,11.000,0.996,3.330,0.530,10.300,6
12.500,0.370,0.550,2.600,0.083,25.000,68.000,1.000,3.150,0.820,10.400,6
9.900,0.540,0.450,2.300,0.071,16.000,40.000,0.999,3.390,0.620,9.400,5
6.200,0.460,0.290,2.100,0.074,32.000,98.000,0.996,3.330,0.620,9.800,5
7.800,0.820,0.290,4.300,0.083,21.000,64.000,0.996,3.160,0.530,9.400,5
6.800,0.510,0.010,2.100,0.074,9.000,25.000,0.996,3.330,0.560,9.500,6
8.600,0.470,0.270,2.300,0.055,14.000,28.000,0.995,3.180,0.800,11.200,5
11.600,0.320,0.550,2.800,0.081,35.000,67.000,1.000,3.320,0.920,10.800,7
6.800,0.670,0.000,1.900,0.080,22.000,39.000,0.997,3.400,0.740,9.700,5
7.100,0.590,0.000,2.200,0.078,26.000,44.000,0.995,3.420,0.680,10.800,6
5.800,0.680,0.020,1.800,0.087,21.000,94.000,0.994,3.540,0.520,10.000,5
12.200,0.480,0.540,2.600,0.085,19.000,64.000,1.000,3.100,0.610,10.500,6
7.600,0.430,0.400,2.700,0.082,6.000,11.000,0.995,3.440,0.540,12.200,6
7.700,0.540,0.260,1.900,0.089,23.000,147.000,0.996,3.260,0.590,9.700,5
7.100,0.840,0.020,4.400,0.096,5.000,13.000,0.997,3.410,0.570,11.000,4
8.100,0.660,0.700,2.200,0.098,25.000,129.000,0.997,3.080,0.530,9.000,5
6.900,0.570,0.000,2.800,0.081,21.000,41.000,0.995,3.410,0.520,10.800,5
7.400,0.390,0.480,2.000,0.082,14.000,67.000,0.997,3.340,0.550,9.200,5
10.000,0.410,0.450,6.200,0.071,6.000,14.000,0.997,3.210,0.490,11.800,7
12.600,0.390,0.490,2.500,0.080,8.000,20.000,0.999,3.070,0.820,10.300,6
10.100,0.650,0.370,5.100,0.110,11.000,65.000,1.003,3.320,0.640,10.400,6
6.300,0.390,0.080,1.700,0.066,3.000,20.000,0.995,3.340,0.580,9.400,5
8.300,0.650,0.100,2.900,0.089,17.000,40.000,0.998,3.290,0.550,9.500,5
9.500,0.860,0.260,1.900,0.079,13.000,28.000,0.997,3.250,0.620,10.000,5
11.500,0.300,0.600,2.000,0.067,12.000,27.000,0.998,3.110,0.970,10.100,6
7.200,0.600,0.040,2.500,0.076,18.000,88.000,0.997,3.530,0.550,9.500,5
8.900,0.400,0.320,5.600,0.087,10.000,47.000,0.999,3.380,0.770,10.500,7
6.900,0.360,0.250,2.400,0.098,5.000,16.000,0.996,3.410,0.600,10.100,6
6.500,0.900,0.000,1.600,0.052,9.000,17.000,0.995,3.500,0.630,10.900,6
6.600,0.735,0.020,7.900,0.122,68.000,124.000,0.999,3.470,0.530,9.900,5
7.300,0.695,0.000,2.500,0.075,3.000,13.000,0.998,3.490,0.520,9.200,5
9.900,0.720,0.550,1.700,0.136,24.000,52.000,0.998,3.350,0.940,10.000,5
6.800,0.500,0.110,1.500,0.075,16.000,49.000,0.995,3.360,0.790,9.500,5
7.600,0.665,0.100,1.500,0.066,27.000,55.000,0.997,3.390,0.510,9.300,5
7.100,0.680,0.070,1.900,0.075,16.000,51.000,0.997,3.380,0.520,9.500,5
6.900,0.840,0.210,4.100,0.074,16.000,65.000,0.998,3.530,0.720,9.233,6
7.800,0.600,0.260,2.000,0.080,31.000,131.000,0.996,3.210,0.520,9.900,5
9.600,0.420,0.350,2.100,0.083,17.000,38.000,0.996,3.230,0.660,11.100,6
7.700,0.510,0.280,2.100,0.087,23.000,54.000,0.998,3.420,0.740,9.200,5
8.200,0.240,0.340,5.100,0.062,8.000,22.000,0.997,3.220,0.940,10.900,6
9.300,0.360,0.390,1.500,0.080,41.000,55.000,0.997,3.470,0.730,10.900,6
7.800,0.530,0.330,2.400,0.080,24.000,144.000,0.997,3.300,0.600,9.500,5
9.500,0.590,0.440,2.300,0.071,21.000,68.000,0.999,3.460,0.630,9.500,5
7.800,0.880,0.000,2.600,0.098,25.000,67.000,0.997,3.200,0.680,9.800,5
8.400,0.600,0.100,2.200,0.085,14.000,111.000,0.996,3.150,0.660,9.800,5
9.400,0.615,0.280,3.200,0.087,18.000,72.000,1.000,3.310,0.530,9.700,5
6.000,0.420,0.190,2.000,0.075,22.000,47.000,0.995,3.390,0.780,10.000,6
8.300,0.280,0.480,2.100,0.093,6.000,12.000,0.994,3.260,0.620,12.400,7
10.000,0.320,0.590,2.200,0.077,3.000,15.000,0.999,3.200,0.780,9.600,5
8.200,0.635,0.100,2.100,0.073,25.000,60.000,0.996,3.290,0.750,10.900,6
7.300,0.670,0.020,2.200,0.072,31.000,92.000,0.996,3.320,0.680,11.100,6
11.900,0.400,0.650,2.150,0.068,7.000,27.000,0.999,3.060,0.680,11.300,6
10.400,0.520,0.450,2.000,0.080,6.000,13.000,0.998,3.220,0.760,11.400,6
7.500,0.590,0.220,1.800,0.082,43.000,60.000,0.995,3.100,0.420,9.200,5
7.300,0.590,0.260,2.000,0.080,17.000,104.000,0.996,3.280,0.520,9.900,5
10.100,0.280,0.460,1.800,0.050,5.000,13.000,0.997,3.040,0.790,10.200,6
6.900,0.630,0.010,2.400,0.076,14.000,39.000,0.995,3.340,0.530,10.800,6
7.000,0.580,0.280,4.800,0.085,12.000,69.000,0.996,3.320,0.700,11.000,6
7.800,0.530,0.010,1.600,0.077,3.000,19.000,0.995,3.160,0.460,9.800,5
9.600,0.770,0.120,2.900,0.082,30.000,74.000,0.999,3.300,0.640,10.400,6
8.700,0.480,0.300,2.800,0.066,10.000,28.000,0.996,3.330,0.670,11.200,7
9.700,0.310,0.470,1.600,0.062,13.000,33.000,0.998,3.270,0.660,10.000,6
8.000,0.600,0.220,2.100,0.080,25.000,105.000,0.996,3.300,0.490,9.900,5
7.900,0.765,0.000,2.000,0.084,9.000,22.000,0.996,3.330,0.680,10.900,6
10.100,0.380,0.500,2.400,0.104,6.000,13.000,0.996,3.220,0.650,11.600,7
8.800,0.600,0.290,2.200,0.098,5.000,15.000,0.999,3.360,0.490,9.100,5
7.600,0.410,0.140,3.000,0.087,21.000,43.000,0.996,3.320,0.570,10.500,6
9.700,0.690,0.320,2.500,0.088,22.000,91.000,0.998,3.290,0.620,10.100,5
7.900,0.690,0.210,2.100,0.080,33.000,141.000,0.996,3.250,0.510,9.900,5
8.100,0.290,0.360,2.200,0.048,35.000,53.000,0.995,3.270,1.010,12.400,7
6.900,0.410,0.330,2.200,0.081,22.000,36.000,0.995,3.410,0.750,11.100,6
6.900,0.630,0.330,6.700,0.235,66.000,115.000,0.998,3.220,0.560,9.500,5
7.800,0.700,0.060,1.900,0.079,20.000,35.000,0.996,3.400,0.690,10.900,5
7.500,0.580,0.560,3.100,0.153,5.000,14.000,0.995,3.210,1.030,11.600,6
7.200,0.580,0.030,2.300,0.077,7.000,28.000,0.996,3.350,0.520,10.000,5
6.600,0.560,0.140,2.400,0.064,13.000,29.000,0.994,3.420,0.620,11.700,7
9.900,0.500,0.500,13.800,0.205,48.000,82.000,1.002,3.160,0.750,8.800,5
10.800,0.890,0.300,2.600,0.132,7.000,60.000,0.998,2.990,1.180,10.200,5
7.800,0.640,0.100,6.000,0.115,5.000,11.000,0.998,3.370,0.690,10.100,7
7.700,1.005,0.150,2.100,0.102,11.000,32.000,0.996,3.230,0.480,10.000,5
10.900,0.530,0.490,4.600,0.118,10.000,17.000,1.000,3.070,0.560,11.700,6
8.000,0.450,0.230,2.200,0.094,16.000,29.000,0.996,3.210,0.490,10.200,6
8.800,0.440,0.490,2.800,0.083,18.000,111.000,0.998,3.300,0.600,9.500,5
10.800,0.470,0.430,2.100,0.171,27.000,66.000,0.998,3.170,0.760,10.800,6
7.200,0.570,0.050,2.300,0.081,16.000,36.000,0.996,3.380,0.600,10.300,6
6.800,0.660,0.070,1.600,0.070,16.000,61.000,0.996,3.290,0.600,9.300,5
9.200,0.430,0.490,2.400,0.086,23.000,116.000,0.998,3.230,0.640,9.500,5
8.900,0.480,0.530,4.000,0.101,3.000,10.000,0.996,3.210,0.590,12.100,7
9.200,0.590,0.240,3.300,0.101,20.000,47.000,0.999,3.260,0.670,9.600,5
7.000,0.745,0.120,1.800,0.114,15.000,64.000,0.996,3.220,0.590,9.500,6
7.200,0.500,0.180,2.100,0.071,12.000,31.000,0.998,3.520,0.720,9.600,6
5.300,0.470,0.110,2.200,0.048,16.000,89.000,0.992,3.540,0.880,13.600,7
7.400,0.410,0.240,1.800,0.066,18.000,47.000,0.996,3.370,0.620,10.400,5
10.600,0.440,0.680,4.100,0.114,6.000,24.000,0.997,3.060,0.660,13.400,6
4.700,0.600,0.170,2.300,0.058,17.000,106.000,0.993,3.850,0.600,12.900,6
11.300,0.360,0.660,2.400,0.123,3.000,8.000,0.996,3.200,0.530,11.900,6
7.600,0.290,0.490,2.700,0.092,25.000,60.000,0.997,3.310,0.610,10.100,6
8.500,0.370,0.320,1.800,0.066,26.000,51.000,0.995,3.380,0.720,11.800,6
6.500,0.615,0.000,1.900,0.065,9.000,18.000,0.997,3.460,0.650,9.200,5
7.200,0.620,0.060,2.500,0.078,17.000,84.000,0.997,3.510,0.530,9.700,5
7.200,0.660,0.030,2.300,0.078,16.000,86.000,0.997,3.530,0.570,9.700,5
8.700,0.410,0.410,6.200,0.078,25.000,42.000,0.995,3.240,0.770,12.600,7
12.800,0.300,0.740,2.600,0.095,9.000,28.000,0.999,3.200,0.770,10.800,7
9.500,0.370,0.520,2.000,0.082,6.000,26.000,0.998,3.180,0.510,9.500,5
10.100,0.270,0.540,2.300,0.065,7.000,26.000,0.995,3.170,0.530,12.500,6
7.700,0.715,0.010,2.100,0.064,31.000,43.000,0.994,3.410,0.570,11.800,6
11.500,0.590,0.590,2.600,0.087,13.000,49.000,0.999,3.180,0.650,11.000,6
8.800,0.590,0.180,2.900,0.089,12.000,74.000,0.997,3.140,0.540,9.400,5
6.700,1.040,0.080,2.300,0.067,19.000,32.000,0.996,3.520,0.570,11.000,4
9.800,0.370,0.390,2.500,0.079,28.000,65.000,0.997,3.160,0.590,9.800,5
7.200,0.340,0.210,2.500,0.075,41.000,68.000,0.996,3.370,0.540,10.100,6
9.900,0.540,0.450,2.300,0.071,16.000,40.000,0.999,3.390,0.620,9.400,5
7.500,0.640,0.000,2.400,0.077,18.000,29.000,0.997,3.320,0.600,10.000,6
8.500,0.470,0.270,1.900,0.058,18.000,38.000,0.995,3.160,0.850,11.100,6
9.000,0.660,0.170,3.000,0.077,5.000,13.000,0.998,3.290,0.550,10.400,5
8.100,0.780,0.230,2.600,0.059,5.000,15.000,0.997,3.370,0.560,11.300,5
7.600,0.900,0.060,2.500,0.079,5.000,10.000,0.997,3.390,0.560,9.800,5
8.400,0.520,0.220,2.700,0.084,4.000,18.000,0.997,3.260,0.570,9.900,6
9.800,0.440,0.470,2.500,0.063,9.000,28.000,0.998,3.240,0.650,10.800,6
10.400,0.440,0.730,6.550,0.074,38.000,76.000,0.999,3.170,0.850,12.000,7
7.500,0.770,0.200,8.100,0.098,30.000,92.000,0.999,3.200,0.580,9.200,5
8.900,0.480,0.530,4.000,0.101,3.000,10.000,0.996,3.210,0.590,12.100,7
8.700,0.330,0.380,3.300,0.063,10.000,19.000,0.995,3.300,0.730,12.000,7
7.100,0.520,0.030,2.600,0.076,21.000,92.000,0.997,3.500,0.600,9.800,5
9.600,0.320,0.470,1.400,0.056,9.000,24.000,0.997,3.220,0.820,10.300,7
7.900,1.040,0.050,2.200,0.084,13.000,29.000,0.996,3.220,0.550,9.900,6
8.500,0.460,0.590,1.400,0.414,16.000,45.000,0.997,3.030,1.340,9.200,5
7.300,0.450,0.360,5.900,0.074,12.000,87.000,0.998,3.330,0.830,10.500,5
8.000,0.180,0.370,0.900,0.049,36.000,109.000,0.990,2.890,0.440,12.700,6
5.200,0.480,0.040,1.600,0.054,19.000,106.000,0.993,3.540,0.620,12.200,7
11.400,0.625,0.660,6.200,0.088,6.000,24.000,0.999,3.110,0.990,13.300,6
8.700,0.520,0.090,2.500,0.091,20.000,49.000,0.998,3.340,0.860,10.600,7
11.900,0.380,0.510,2.000,0.121,7.000,20.000,1.000,3.240,0.760,10.400,6
13.700,0.415,0.680,2.900,0.085,17.000,43.000,1.001,3.060,0.800,10.000,6
9.000,0.450,0.490,2.600,0.084,21.000,75.000,0.999,3.350,0.570,9.700,5
8.500,0.320,0.420,2.300,0.075,12.000,19.000,0.994,3.140,0.710,11.800,7
8.500,0.340,0.400,4.700,0.055,3.000,9.000,0.997,3.380,0.660,11.600,7
8.300,0.845,0.010,2.200,0.070,5.000,14.000,0.997,3.320,0.580,11.000,4
8.300,0.600,0.250,2.200,0.118,9.000,38.000,0.996,3.150,0.530,9.800,5
6.900,0.540,0.300,2.200,0.088,9.000,105.000,0.997,3.250,1.180,10.500,6
9.800,0.250,0.490,2.700,0.088,15.000,33.000,0.998,3.420,0.900,10.000,6
7.200,0.725,0.050,4.650,0.086,4.000,11.000,0.996,3.410,0.390,10.900,5
8.900,0.620,0.180,3.800,0.176,52.000,145.000,0.999,3.160,0.880,9.200,5
8.200,0.350,0.330,2.400,0.076,11.000,47.000,0.996,3.270,0.810,11.000,6
8.200,0.740,0.090,2.000,0.067,5.000,10.000,0.994,3.280,0.570,11.800,6
8.900,0.400,0.510,2.600,0.052,13.000,27.000,0.995,3.320,0.900,13.400,7
8.300,0.420,0.380,2.500,0.094,24.000,60.000,0.998,3.310,0.700,10.800,6
7.700,0.705,0.100,2.600,0.084,9.000,26.000,0.998,3.390,0.490,9.700,5
9.300,0.655,0.260,2.000,0.096,5.000,35.000,0.997,3.250,0.420,9.600,5
8.700,0.625,0.160,2.000,0.101,13.000,49.000,0.996,3.140,0.570,11.000,5
8.800,0.640,0.170,2.900,0.084,25.000,130.000,0.998,3.230,0.540,9.600,5
9.900,0.320,0.560,2.000,0.073,3.000,8.000,0.995,3.150,0.730,11.400,6
8.800,0.610,0.190,4.000,0.094,30.000,69.000,0.998,3.220,0.500,10.000,6
7.800,0.430,0.320,2.800,0.080,29.000,58.000,0.997,3.310,0.640,10.300,5
7.100,0.660,0.000,3.900,0.086,17.000,45.000,0.998,3.460,0.540,9.500,5
10.800,0.500,0.460,2.500,0.073,5.000,27.000,1.000,3.050,0.640,9.500,5
8.900,0.380,0.400,2.200,0.068,12.000,28.000,0.995,3.270,0.750,12.600,7
8.000,0.715,0.220,2.300,0.075,13.000,81.000,0.997,3.240,0.540,9.500,6
7.000,0.655,0.160,2.100,0.074,8.000,25.000,0.996,3.370,0.550,9.700,5
11.300,0.620,0.670,5.200,0.086,6.000,19.000,0.999,3.220,0.690,13.400,8
5.900,0.550,0.100,2.200,0.062,39.000,51.000,0.995,3.520,0.760,11.200,6
10.800,0.450,0.330,2.500,0.099,20.000,38.000,0.998,3.240,0.710,10.800,5
11.500,0.180,0.510,4.000,0.104,4.000,23.000,1.000,3.280,0.970,10.100,6
7.700,0.600,0.060,2.000,0.079,19.000,41.000,0.997,3.390,0.620,10.100,6
8.800,0.370,0.480,2.100,0.097,39.000,145.000,0.998,3.040,1.030,9.300,5
7.600,0.680,0.020,1.300,0.072,9.000,20.000,0.997,3.170,1.080,9.200,4
6.400,0.865,0.030,3.200,0.071,27.000,58.000,0.995,3.610,0.490,12.700,6
7.700,0.260,0.300,1.700,0.059,20.000,38.000,0.995,3.290,0.470,10.800,6
7.000,0.640,0.020,2.100,0.067,9.000,23.000,0.997,3.470,0.670,9.400,6
7.500,0.725,0.040,1.500,0.076,8.000,15.000,0.995,3.260,0.530,9.600,5
10.500,0.430,0.350,3.300,0.092,24.000,70.000,0.998,3.210,0.690,10.500,6
12.700,0.600,0.490,2.800,0.075,5.000,19.000,0.999,3.140,0.570,11.400,5
9.900,0.570,0.250,2.000,0.104,12.000,89.000,0.996,3.040,0.900,10.100,5
11.300,0.360,0.660,2.400,0.123,3.000,8.000,0.996,3.200,0.530,11.900,6
8.600,0.830,0.000,2.800,0.095,17.000,43.000,0.998,3.330,0.600,10.400,6
6.400,0.470,0.400,2.400,0.071,8.000,19.000,0.996,3.560,0.730,10.600,6
8.000,0.480,0.340,2.200,0.073,16.000,25.000,0.994,3.280,0.660,12.400,6
12.800,0.300,0.740,2.600,0.095,9.000,28.000,0.999,3.200,0.770,10.800,7
5.200,0.320,0.250,1.800,0.103,13.000,50.000,0.996,3.380,0.550,9.200,5
7.200,1.000,0.000,3.000,0.102,7.000,16.000,0.996,3.430,0.460,10.000,5
10.000,0.590,0.310,2.200,0.090,26.000,62.000,0.999,3.180,0.630,10.200,6
7.800,0.320,0.440,2.700,0.104,8.000,17.000,0.997,3.330,0.780,11.000,7
7.100,0.875,0.050,5.700,0.082,3.000,14.000,0.998,3.400,0.520,10.200,3
6.000,0.580,0.200,2.400,0.075,15.000,50.000,0.995,3.580,0.670,12.500,6
6.000,0.490,0.000,2.300,0.068,15.000,33.000,0.993,3.580,0.590,12.500,6
8.600,0.490,0.280,1.900,0.110,20.000,136.000,0.997,2.930,1.950,9.900,6
8.000,0.830,0.270,2.000,0.080,11.000,63.000,0.997,3.290,0.480,9.800,4
7.100,0.590,0.010,2.300,0.080,27.000,43.000,0.996,3.420,0.580,10.700,6
13.000,0.470,0.490,4.300,0.085,6.000,47.000,1.002,3.300,0.680,12.700,6
6.600,0.610,0.000,1.600,0.069,4.000,8.000,0.994,3.330,0.370,10.400,4
6.900,0.765,0.180,2.400,0.243,5.500,48.000,0.996,3.400,0.600,10.300,6
12.000,0.380,0.560,2.100,0.093,6.000,24.000,0.999,3.140,0.710,10.900,6
7.800,0.610,0.290,1.600,0.114,9.000,29.000,0.997,3.260,1.560,9.100,5
7.100,0.350,0.290,2.500,0.096,20.000,53.000,0.996,3.420,0.650,11.000,6
8.200,0.915,0.270,2.100,0.088,7.000,23.000,0.996,3.260,0.470,10.000,4
8.300,0.660,0.150,1.900,0.079,17.000,42.000,0.997,3.310,0.540,9.600,6
7.200,0.530,0.140,2.100,0.064,15.000,29.000,0.993,3.350,0.610,12.100,6
6.800,0.640,0.100,2.100,0.085,18.000,101.000,0.996,3.340,0.520,10.200,5
11.100,0.420,0.470,2.650,0.085,9.000,34.000,0.997,3.240,0.770,12.100,7
8.900,0.220,0.480,1.800,0.077,29.000,60.000,0.997,3.390,0.530,9.400,6
7.300,0.670,0.050,3.600,0.107,6.000,20.000,0.997,3.400,0.630,10.100,5
7.100,0.270,0.600,2.100,0.074,17.000,25.000,0.998,3.380,0.720,10.600,6
6.600,0.580,0.000,2.200,0.100,50.000,63.000,0.995,3.590,0.680,11.400,6
7.900,0.290,0.490,2.200,0.096,21.000,59.000,0.997,3.310,0.670,10.100,6
5.900,0.610,0.080,2.100,0.071,16.000,24.000,0.994,3.560,0.770,11.100,6
10.400,0.430,0.500,2.300,0.068,13.000,19.000,0.996,3.100,0.870,11.400,6
9.000,0.540,0.490,2.900,0.094,41.000,110.000,0.998,3.080,0.610,9.200,5
6.600,0.855,0.020,2.400,0.062,15.000,23.000,0.996,3.540,0.600,11.000,6
7.100,0.650,0.180,1.800,0.070,13.000,40.000,0.997,3.440,0.600,9.100,5
9.500,0.370,0.520,2.000,0.088,12.000,51.000,0.996,3.290,0.580,11.100,6
7.900,0.490,0.320,1.900,0.082,17.000,144.000,0.997,3.200,0.550,9.500,5
7.200,0.410,0.300,2.100,0.083,35.000,72.000,0.997,3.440,0.520,9.400,5
11.800,0.380,0.550,2.100,0.071,5.000,19.000,0.999,3.110,0.620,10.800,6
6.900,0.740,0.030,2.300,0.054,7.000,16.000,0.995,3.450,0.630,11.500,6
12.400,0.420,0.490,4.600,0.073,19.000,43.000,0.998,3.020,0.610,9.500,5
7.200,0.380,0.300,1.800,0.073,31.000,70.000,0.997,3.420,0.590,9.500,6
10.500,0.280,0.510,1.700,0.080,10.000,24.000,0.998,3.200,0.890,9.400,6
9.300,0.360,0.390,1.500,0.080,41.000,55.000,0.997,3.470,0.730,10.900,6
8.600,0.330,0.400,2.600,0.083,16.000,68.000,0.998,3.300,0.480,9.400,5
11.100,0.350,0.480,3.100,0.090,5.000,21.000,0.999,3.170,0.530,10.500,5
7.600,0.390,0.310,2.300,0.082,23.000,71.000,0.998,3.520,0.650,9.700,5
6.000,0.500,0.000,1.400,0.057,15.000,26.000,0.994,3.360,0.450,9.500,5
11.600,0.580,0.660,2.200,0.074,10.000,47.000,1.001,3.250,0.570,9.000,3
6.700,0.640,0.230,2.100,0.080,11.000,119.000,0.995,3.360,0.700,10.900,5
6.900,0.540,0.040,3.000,0.077,7.000,27.000,0.999,3.690,0.910,9.400,6
8.500,0.210,0.520,1.900,0.090,9.000,23.000,0.996,3.360,0.670,10.400,5
8.800,0.270,0.460,2.100,0.095,20.000,29.000,0.995,3.260,0.560,11.300,6
7.400,0.630,0.070,2.400,0.090,11.000,37.000,0.998,3.430,0.760,9.700,6
8.200,0.280,0.400,2.400,0.052,4.000,10.000,0.994,3.330,0.700,12.800,7
6.800,0.915,0.290,4.800,0.070,15.000,39.000,0.996,3.530,0.540,11.100,5
6.900,0.840,0.210,4.100,0.074,16.000,65.000,0.998,3.530,0.720,9.250,6
10.900,0.390,0.470,1.800,0.118,6.000,14.000,0.998,3.300,0.750,9.800,6
7.900,0.720,0.010,1.900,0.076,7.000,32.000,0.997,3.390,0.540,9.600,5
8.400,0.390,0.100,1.700,0.075,6.000,25.000,0.996,3.090,0.430,9.700,6
8.000,0.745,0.560,2.000,0.118,30.000,134.000,0.997,3.240,0.660,9.400,5
6.900,0.560,0.030,1.500,0.086,36.000,46.000,0.995,3.530,0.570,10.600,5
10.700,0.400,0.370,1.900,0.081,17.000,29.000,0.997,3.120,0.650,11.200,6
8.700,0.675,0.100,1.600,0.090,4.000,11.000,0.997,3.310,0.650,9.550,5
7.700,0.490,0.260,1.900,0.062,9.000,31.000,0.997,3.390,0.640,9.600,5
7.200,0.580,0.540,2.100,0.114,3.000,9.000,0.997,3.330,0.570,10.300,4
10.200,0.360,0.640,2.900,0.122,10.000,41.000,0.998,3.230,0.660,12.500,6
8.100,0.730,0.000,2.500,0.081,12.000,24.000,0.998,3.380,0.460,9.600,4
10.300,0.500,0.420,2.000,0.069,21.000,51.000,0.998,3.160,0.720,11.500,6
8.800,0.550,0.040,2.200,0.119,14.000,56.000,0.996,3.210,0.600,10.900,6
6.400,0.390,0.330,3.300,0.046,12.000,53.000,0.993,3.360,0.620,12.200,6
9.400,0.400,0.470,2.500,0.087,6.000,20.000,0.998,3.150,0.500,10.500,5
9.100,0.600,0.000,1.900,0.058,5.000,10.000,0.998,3.180,0.630,10.400,6
8.200,0.635,0.100,2.100,0.073,25.000,60.000,0.996,3.290,0.750,10.900,6
7.200,0.620,0.060,2.700,0.077,15.000,85.000,0.997,3.510,0.540,9.500,5
7.900,0.200,0.350,1.700,0.054,7.000,15.000,0.995,3.320,0.800,11.900,7
5.800,0.290,0.260,1.700,0.063,3.000,11.000,0.992,3.390,0.540,13.500,6
